	x	y	mass	frame	particle
0	1153.4713999554863	538.0436234141998	750.9471626421816	0	0.0
1	1152.2114009255363	537.767984854859	785.6530404258655	1	0.0
2	1151.9586359967716	538.4297820823244	811.2800227321115	2	0.0
3	1152.3909456740444	538.7891348088531	978.2145536991085	3	0.0
4	1152.4605851279966	538.1623323852093	844.4698883093334	4	0.0
5	1153.3107028753993	538.4492811501598	800.8801689637888	5	0.0
6	1153.4595119844525	538.9734398618009	898.5085326052487	6	0.0
7	1153.421424122898	539.1583973427445	920.8609535812284	7	0.0
8	1153.3158596179476	540.1123944913372	772.6286544814297	8	0.0
9	1154.0952588081775	540.6609395389299	812.1351768242782	9	0.0
10	1154.0560872468284	540.7925662141108	770.79437942016	10	0.0
11	1731.00960279354	689.5737669140113	765.8223679560375	0	1.0
12	1718.4286952752493	683.9076723016905	762.5164342711281	1	1.0
13	1286.9834786599358	303.96328591096835	720.2094973024656	1	2.0
14	1286.1149769585254	303.9827188940092	710.4429577597588	2	2.0
15	1714.1440890125175	687.9401947148817	707.5817546374839	3	3.0
16	1765.3432328270233	494.73520743595554	756.7973745088317	4	4.0
17	1769.0889130434782	497.6065217391304	735.6327430577933	5	4.0
18	1769.13730964467	498.51395939086296	764.4404272219131	6	4.0
19	1768.2312940641345	499.4489424607687	840.5699839934941	7	4.0
20	1770.1886503067485	500.722009202454	895.1646072357036	8	4.0
21	1769.474678111588	498.5178111587983	823.0861078732354	9	4.0
22	1768.0104835258878	504.73727000427897	801.8457443600774	10	4.0
23	1765.377486543412	506.992745143927	733.062817558717	11	4.0
24	1716.5981092436975	701.6367647058823	761.2199689032817	5	5.0
25	1714.3884771694957	708.4305522352379	717.6226926861955	11	6.0
26	1766.4437697352441	509.1617682778722	706.4965792113911	13	7.0
27	1154.370575221239	540.2323008849557	757.8058997835329	14	8.0
28	1153.4596899224807	537.9777131782946	801.9881097956463	15	8.0
29	1154.143814526354	539.1814888607137	841.1343749491872	16	8.0
30	1153.9781129299247	540.5988596652566	821.3513492079167	17	8.0
31	1154.032429245283	539.9001572327044	782.4532734249161	18	8.0
32	1716.2029048341644	717.1075222198135	702.798926216374	16	9.0
33	1153.8174300254452	541.8100084817642	704.0566332937411	20	10.0
34	1154.1297461928934	542.5051776649747	735.3043162677701	21	10.0
35	1154.3204334365325	542.1010061919504	791.7483839986909	22	10.0
36	1154.0557357113903	543.2253749493311	755.8576195097951	23	10.0
37	1716.3181421718273	742.1530745747929	702.5462187012405	23	11.0
38	1769.8779484959966	554.336723652889	780.3094390478344	33	12.0
39	1772.1141407736209	565.3768759247516	763.0967259385338	37	13.0
40	1770.1782457663917	565.5651324359532	742.9361759907632	38	13.0
41	1768.443314917127	570.3516022099448	764.1348445570165	39	13.0
42	1769.229113631104	569.5119185373757	764.4860803156508	40	13.0
43	1772.1468728039354	573.5701569454204	755.2860626863026	41	13.0
44	1769.5348554772893	573.3631284916202	728.3937034620537	42	13.0
45	1717.884245917387	777.802353506244	703.1729265713628	39	14.0
46	1717.1494538232373	780.0508937437935	712.6475194425923	40	14.0
47	1153.4655466277088	549.6783540297054	726.6244693025637	42	15.0
48	1154.3326544467075	549.8712378366146	781.8245750786533	43	15.0
49	1154.3893510815308	551.5002773155851	879.2814180827519	45	16.0
50	1717.781599493564	804.3621017092214	747.2859028872721	47	17.0
51	1719.5267605633803	807.5338028169014	783.5698852680134	48	17.0
52	1714.3029244871236	807.722173723265	702.1824365067508	49	17.0
53	1152.547817047817	554.5873180873181	737.1231329917103	51	18.0
54	1154.132915796799	555.6833681280445	710.4084894189141	54	19.0
55	1152.171096345515	563.1945894636924	707.4061706672425	67	20.0
56	1153.9664525339044	565.9945277182965	727.8624473012561	74	21.0
57	1154.464217557252	566.8288804071246	992.1044196851542	75	21.0
58	1155.1611703847398	566.7664080181054	970.6316857928459	76	21.0
59	1155.584539147671	567.6572844400397	844.1836454091876	77	21.0
60	1155.582138076114	567.7970931344425	862.0432781338842	78	21.0
61	1155.3031182015955	568.0188542422045	909.357567830657	79	21.0
62	1155.2524390243902	568.2121951219513	946.2867126281789	80	21.0
63	1153.952380952381	568.6664521664521	752.9772285114719	81	21.0
64	1155.1805505899179	569.1135144797997	903.5080687029546	82	21.0
65	1155.7024142757173	570.1439818054583	923.2127495005521	84	22.0
66	1156.0663791486968	570.9368085505344	861.3529728982583	85	22.0
67	1288.4400173235167	307.7317020355132	745.8706226465326	87	23.0
68	1288.794925028835	310.05167243367936	700.1622234228295	89	24.0
69	1155.3054676909173	572.4975146859467	714.8599771325129	89	25.0
70	1156.2849002849002	573.9350834350835	815.8811668769154	90	25.0
71	1155.455796594355	572.8978306508047	716.175095595251	91	25.0
72	1287.7287771330325	307.9576617236192	768.965441056301	92	26.0
73	1287.806654111739	308.56267001464744	789.7311401381367	93	26.0
74	1288.8352358388972	308.79991384880464	767.257100577813	94	26.0
75	1288.7719023078646	309.41989693031593	737.5120482185612	95	26.0
76	1288.7548953409857	308.41503488633805	734.2070424008665	96	26.0
77	1288.0203758654798	308.0799208704253	835.4008821275738	97	26.0
78	1288.0392848741474	308.42978122794636	702.529999985028	98	26.0
79	1781.0028722934157	424.6266018559434	747.9771300710978	98	27.0
80	1287.133623368552	306.5143981769215	797.7214515290408	100	28.0
81	1286.5414847161571	305.2247759135831	719.0562291072351	101	28.0
82	1155.2891846218843	576.943810730883	782.352051282055	100	29.0
83	1155.3581355569809	579.4030361342741	755.905911153814	105	30.0
84	1154.5292678336157	579.7182382834557	829.8804764472202	106	30.0
85	1154.2007874015749	580.0354330708661	753.8120043919225	107	30.0
86	1153.533111935925	580.7157647978121	799.5780461007566	109	31.0
87	1153.0508639099205	581.0285381479324	804.5763851269775	110	31.0
88	1154.7962159347335	581.1824336052769	899.8572228143112	111	31.0
89	1154.313068731849	581.5986447241046	806.7633291960163	112	31.0
90	1153.8280184331797	581.6254377880184	847.3749961016742	113	31.0
91	1154.153049091218	582.1219636487175	953.4108382396781	114	31.0
92	1154.3984085862323	582.0951147298298	932.0452326401255	115	31.0
93	1154.3258267397039	582.4349766686955	850.1204573803069	116	31.0
94	1154.5079685746352	582.3279461279461	768.3681553315616	117	31.0
95	1154.097996984708	582.8518199440017	800.7931298127565	118	31.0
96	1154.846483180428	583.6250764525994	846.1464599761362	119	31.0
97	1291.091361712721	313.0440627333831	712.4559163495037	140	32.0
98	1290.268950276243	311.1809944751381	776.6816439633941	142	33.0
99	1290.1293044469783	312.19703534777653	742.612987975778	143	33.0
100	1290.1821889870837	313.3564468615454	747.3551325531589	145	34.0
101	1152.5642381511948	625.7403055229142	803.0896590088767	165	35.0
102	1150.086645272772	644.101456430511	732.3545201117932	181	36.0
103	1149.9532399715167	644.7073344410159	747.9381171986143	182	36.0
104	1290.6196599825632	325.68112467306014	777.1944187175856	192	37.0
105	1150.563385332616	659.1256948180026	882.0898970510872	195	38.0
106	1150.1235345581802	660.3392825896763	897.1780945741768	196	38.0
107	1149.2025877348458	660.8041474654378	907.8440016898234	197	38.0
108	1149.1234650967199	661.9838519764508	956.5992731155862	198	38.0
109	1149.9567207657096	665.5453599667082	760.5799962171609	201	39.0
110	1149.9312642802743	666.0719725818735	813.8638749356293	202	39.0
111	1291.0900328137818	330.0360951599672	745.6075581281272	207	40.0
112	1290.2218188765762	329.81486434849063	800.3506889340889	208	40.0
113	1290.2260869565218	330.5671497584541	791.3287763152293	209	40.0
114	1149.0633761105628	676.9903257650543	802.0923238361347	210	41.0
115	1148.8686679174484	678.1840733791953	833.5277416174156	211	41.0
116	1148.161494487546	680.1625153123724	851.0795752057518	212	41.0
117	1148.4438040345822	682.1542895145201	783.8326821621258	213	41.0
118	1148.9693053311794	682.5230210016155	855.1991953727523	214	41.0
119	1289.0342333654773	330.07304725168757	716.3478892584887	217	42.0
120	1288.7661464585835	330.7546218487395	709.2020069732994	224	43.0
121	1150.1424936386768	708.8863443596268	954.6179312382335	240	44.0
122	1149.9497645211932	709.6385400313972	825.2062677546027	241	44.0
123	1149.6382252559727	715.6630261660979	713.103011624985	245	45.0
124	1148.092794526406	728.7318794098782	727.8762810861206	255	46.0
125	1148.2460267005722	729.6134774316592	753.2332697573686	256	46.0
126	1147.5280223319733	731.6942237491947	743.3582828248229	257	46.0
127	1148.564937848264	731.6343763394771	744.7735614935117	258	46.0
128	1147.7827420061324	732.8716600963644	721.0202419754945	259	46.0
129	1617.3495077355838	243.70909517112048	728.6351191791857	270	47.0
130	1616.347247706422	253.60183486238532	722.0236948666417	276	48.0
131	1613.6059902484328	264.45762711864404	713.2470660547808	283	49.0
132	1285.8714807650979	350.9772189984956	770.5452979690957	283	50.0
133	1284.7918912584955	349.88985235528475	706.6229930011028	284	50.0
134	1613.47880410531	268.9243641231593	703.9390235165777	285	51.0
135	1147.1124593716142	760.7874322860239	724.8278878913445	285	52.0
136	1146.8411707317073	761.8989268292682	804.9004676034581	286	52.0
137	1613.4012726571539	275.19745468569226	895.4443615529817	289	53.0
138	1614.1456968108344	276.890126692879	790.4636111048111	290	53.0
139	1612.19630911188	277.4495963091119	748.505854454638	291	53.0
140	1612.0672663277278	279.7588971450919	883.0124428329916	292	53.0
141	1614.5387870239774	281.6158909261871	768.7847516807298	293	53.0
142	1613.3457963230737	282.5075397645115	874.8690841570149	294	53.0
143	1613.0393799748638	284.1780477586929	844.2061408499188	295	53.0
144	1613.5449691306524	293.5868513265476	972.9804864366455	300	54.0
145	1613.2278420038535	295.4009312780989	976.2693428166478	301	54.0
146	1611.9723418350447	296.4663795958927	981.2273973416734	302	54.0
147	1611.5301520713163	297.83796539066594	929.712146437846	303	54.0
148	1612.0219845513964	298.08655179243414	808.2816382823752	304	54.0
149	1610.4712408260796	299.8414405188599	937.9540353549087	305	54.0
150	1147.1575433911883	782.3555852247441	704.4563947684675	301	55.0
151	1610.877085162423	303.5702370500439	796.3974588690792	307	56.0
152	1610.529712163417	307.1285979572888	753.0445490962476	309	57.0
153	1611.3903788846317	308.96338867603237	821.2205089462494	310	57.0
154	1610.925806451613	312.31451612903226	803.9497725261392	312	58.0
155	1610.9255765199161	314.22830188679245	856.0142147705154	313	58.0
156	1610.4303002094484	315.1012334186642	726.8872923038775	314	58.0
157	1610.9166006339144	317.4791996830428	822.0480683266164	315	58.0
158	1610.161695161877	322.2448162968352	862.4811755281893	317	59.0
159	1611.0769679300292	323.6215743440233	807.0453305477862	318	59.0
160	1611.0755102040816	323.9369387755102	759.6073341826639	319	59.0
161	1610.4167571480275	325.78067318132463	839.8299610106857	320	59.0
162	1609.5119518486672	328.04058469475495	883.7521147101584	321	59.0
163	1610.2442049613664	329.70963806425374	854.4683399007317	322	59.0
164	1610.1852326077678	331.5197040830844	1221.2088217511298	323	59.0
165	1610.7660196201211	332.780212899186	796.910393085034	324	59.0
166	1610.2151793160967	334.631859883236	997.1775843341221	325	59.0
167	1611.4695668765503	339.02480442663614	871.761087488763	327	60.0
168	1611.1568396226414	341.1118317610063	846.3118513914951	328	60.0
169	1611.665083135392	343.1409908381405	980.3777618123962	329	60.0
170	1612.3003981713612	344.677628668338	1171.4538731431094	330	60.0
171	1611.499765258216	347.15281690140847	1471.881945058975	331	60.0
172	1611.1536098310291	348.7303449238933	1237.1064099592309	332	60.0
173	1610.3326639892905	351.4014390896921	1032.3913772681824	333	60.0
174	1610.9473183720045	354.31780144541653	908.3523864919852	334	60.0
175	1610.1390063424947	356.2559901338971	974.5332596608931	335	60.0
176	1609.739500265816	357.959950381003	968.8673686163531	336	60.0
177	1609.6084377059988	359.1147000659196	1065.634354078898	337	60.0
178	1610.430722011108	361.5944168371821	1259.3747497565325	338	60.0
179	1610.781864204884	363.16914830256104	1346.199611039864	339	60.0
180	1610.9572267920094	364.7567567567568	760.4513829137821	340	60.0
181	1612.060634770251	366.94173377546184	754.555638447033	341	60.0
182	1612.5180286569043	368.90458195559756	1086.9608708889832	342	60.0
183	1612.1914956883734	369.8278322925959	1151.1343073216708	343	60.0
184	1612.170942593905	371.43742026931255	1166.0739029520898	344	60.0
185	1612.8924308807977	372.17374225713854	1219.0476873593802	345	60.0
186	1611.8740557815224	374.0358803021499	1201.1516999758278	346	60.0
187	1611.2881773399015	375.50985221674875	1206.4921321371212	347	60.0
188	1611.2373006497342	377.4094802126403	1185.699799612551	348	60.0
189	1613.0219389267713	378.7892084198043	1220.3716641888336	349	60.0
190	1612.1092687779803	380.0998176090201	1029.9672654424053	350	60.0
191	1612.1206115515288	381.6545866364666	904.7766885821734	351	60.0
192	1611.7991130091984	383.42624835742447	1072.1217939895494	352	60.0
193	1611.7070118292474	385.6003771644094	962.90703213275	353	60.0
194	1611.6128185907046	386.70577211394306	1070.8287511002266	354	60.0
195	1611.0566937477922	387.31243376898624	1008.9970634576965	355	60.0
196	1610.3350640359986	387.79595015576325	1224.2236693170933	356	60.0
197	1610.594926482469	388.41024398125705	1178.590140525861	357	60.0
198	1610.983509513742	388.8291754756871	1248.8908720786987	358	60.0
199	1610.4582798459564	389.2705748110113	1294.6917698772213	359	60.0
200	1610.4061255322072	390.5699766515589	1247.0798722020495	360	60.0
201	1610.4399096172856	391.49823471261124	1323.2959094978462	361	60.0
202	1610.4394644115575	391.5444679351656	1420.2078580644004	362	60.0
203	1609.962770908124	392.7296902007712	1453.7113199889886	363	60.0
204	1610.1366127706222	393.6999177856947	1402.6165265550833	364	60.0
205	1609.7833774189057	394.5922316580816	1384.1583957863393	365	60.0
206	1609.8081970522915	396.4221683827983	848.1333307978051	366	60.0
207	1609.4723370429253	396.7880763116057	1117.9319483974346	367	60.0
208	1608.8309980599267	398.9583962060789	794.3667196540027	368	60.0
209	1609.2346041055719	399.7246660149886	1045.994685617313	369	60.0
210	1609.2424647081266	400.70869896985886	909.5037377459722	370	60.0
211	1610.033196440794	402.38569472963724	1022.2315066220746	371	60.0
212	1610.0218988218987	403.11171171171173	1454.114600353577	372	60.0
213	1610.2855703006887	403.99848815723163	1303.7064204796127	373	60.0
214	1610.100550017188	404.58215881746304	1216.1773243920904	374	60.0
215	1610.009182464455	405.1255924170616	1234.0632040217913	375	60.0
216	1609.802635950825	405.8136006202237	1591.6170277981785	376	60.0
217	1609.9198551599277	407.85660832830416	1693.2013883974191	377	60.0
218	1610.2265930216893	408.8798329516368	1779.8321453867557	378	60.0
219	1609.2446054021427	409.50746944318695	1354.3830084942613	379	60.0
220	1609.6865153923977	409.7866743749097	1380.9100469161951	380	60.0
221	1610.4482449589245	410.82584017923824	1411.7532969735842	381	60.0
222	1610.4367683429514	411.70057708161585	1240.6539885227537	382	60.0
223	1610.2488672011154	412.7307424189613	1343.696410237027	383	60.0
224	1610.194410692588	414.02707863218194	1254.0830088032235	384	60.0
225	1609.7988771466314	413.9910832232497	1238.5930414853262	385	60.0
226	1610.8217699115044	414.55079646017697	924.1998074279858	386	60.0
227	1611.006590064211	416.6292666441365	1112.756483148486	387	60.0
228	1610.3158159838817	417.34251175285425	1046.525103017846	388	60.0
229	1611.0915887850467	418.36915887850466	1403.9058317667916	389	60.0
230	1611.45584	418.87712	1108.318388445992	390	60.0
231	1611.5550900062074	419.2040657976412	1092.7277101014483	391	60.0
232	1611.6716166047925	419.8903138710766	1243.0374918516948	392	60.0
233	1611.0986087754166	420.93380217092187	1212.9952803590668	393	60.0
234	1611.7297440423654	421.40864960282437	1122.472856186844	394	60.0
235	1610.5711780647218	421.8519049896381	1298.6113983704201	395	60.0
236	1610.8435878428465	423.11519644180873	1459.0732346967445	396	60.0
237	1610.589861129837	423.85843332883917	1249.2174589333142	397	60.0
238	1610.5731478587059	424.2871209753048	1316.0759767557718	398	60.0
239	1610.4717099093466	425.12863394810876	1323.268960602407	399	60.0
240	1610.696762035292	426.57666609559703	1305.9397145864195	400	60.0
241	1611.0645328719722	427.223875432526	1346.149159734945	401	60.0
242	1610.7985074626865	428.2022206042956	1274.8944988548194	402	60.0
243	1611.0779535595816	428.71804031640727	1738.387521197942	403	60.0
244	1610.9767505098573	429.7287559483345	1211.7505747199227	404	60.0
245	1610.5002596503375	431.70659511857366	1395.6669344804243	405	60.0
246	1610.2794977640178	432.17543859649123	1347.9603224789598	406	60.0
247	1610.595192806502	433.86114473456684	1378.191098660063	407	60.0
248	1611.006936416185	433.9405450041288	1245.299214532011	408	60.0
249	1611.2009213323884	434.6291637136782	1165.7337876646036	409	60.0
250	1611.8881439084219	434.6852003270646	1119.3360389430973	410	60.0
251	1611.4709003215435	434.6159163987138	1167.5640007615436	411	60.0
252	1612.108680698858	435.51643967533363	1370.4069046278685	412	60.0
253	1612.0629389891199	435.78873433411377	1500.0918298556517	413	60.0
254	1611.350794797688	436.4223265895954	983.8781903858627	414	60.0
255	1611.4079047764383	437.07034945826337	1226.6841332999072	415	60.0
256	1611.4214642262896	437.5602329450915	1281.1746222836684	416	60.0
257	1611.9648107600876	437.84000625586486	1343.361799214266	417	60.0
258	1612.1278377072936	438.1143133150861	1350.591163467867	418	60.0
259	1612.464306872038	438.36433649289097	1474.5970171059298	419	60.0
260	1612.1416978776529	439.32865168539325	1506.998968611153	420	60.0
261	1612.1972964274219	440.51673640167365	1569.6364695399272	421	60.0
262	1612.2182320441989	440.6928439884241	2019.1522651319317	422	60.0
263	1611.9515092230297	441.19689770821685	1638.2213075767631	423	60.0
264	1611.3630517392576	442.11765565624086	1614.7346341449113	424	60.0
265	1610.9301058530511	442.50062266500623	1537.6993596140355	425	60.0
266	1611.4007765913188	443.99070863957843	1336.6370205085914	426	60.0
267	1611.8339683470106	444.4774325908558	1276.77082005871	427	60.0
268	1611.4429634758526	445.1293058680976	1139.6873958668193	428	60.0
269	1611.7595323741007	445.75323741007196	1305.3413784021425	429	60.0
270	1610.7780360255665	445.70327329072245	1333.0308180197437	430	60.0
271	1610.2446183953034	446.6076320939335	1044.0279059403856	431	60.0
272	1610.8073283672236	447.77994765451984	1019.0478466927784	432	60.0
273	1610.3978494623657	448.326164874552	1034.712649445487	433	60.0
274	1610.2929913929388	449.57702441594944	1270.5417860917448	434	60.0
275	1610.8570187630298	450.472724113968	1407.8642885104878	435	60.0
276	1609.8390993959363	451.38623466959547	1487.2827890635597	436	60.0
277	1609.5898905680042	451.7257252040994	1396.414097160978	437	60.0
278	1609.744370161858	451.8986629134412	1454.6521697518601	438	60.0
279	1610.1226851851852	451.9510802469136	1428.2233813440203	439	60.0
280	1609.9901650275046	452.92882147024505	1375.6023222538229	440	60.0
281	1610.3032528856243	452.99755159146554	1480.0638030637851	441	60.0
282	1610.697070996498	453.9500159184973	1306.5550515958903	442	60.0
283	1609.8774470794206	454.93426706987105	1461.8748373632088	443	60.0
284	1609.4600364057587	455.9925533675327	1634.875418059605	444	60.0
285	1609.0046388336648	456.9945328031809	1538.5819707242538	445	60.0
286	1609.247169249106	457.07747318235994	1470.408210911989	446	60.0
287	1608.9497826412833	457.72897616549244	1516.385724531405	447	60.0
288	1609.0698512843624	458.4261679435181	1560.8391079149312	448	60.0
289	1608.8898754306917	459.17983037370794	1681.953414213384	449	60.0
290	1609.1595617188837	459.64098613251156	1518.615360668386	450	60.0
291	1608.8100768268716	460.7398606396284	1448.2774335812467	451	60.0
292	1607.0508169482139	460.7878703960122	1647.2233295747976	452	60.0
293	1607.1767908309455	461.447994269341	1595.3161739306836	453	60.0
294	1607.0414350682163	462.2322721913424	1216.665079061147	454	60.0
295	1606.1310138172132	463.4210088230398	1203.8685952308565	455	60.0
296	1605.8996632996632	463.8239730639731	1478.8088856901882	456	60.0
297	1605.0280623608019	463.90363771343726	1413.5319307810457	457	60.0
298	1604.2214048752344	465.6147410933218	1095.3784258189967	458	60.0
299	1605.803933343342	466.73817745083323	1551.7587128475377	459	60.0
300	1604.8303693570451	467.803146374829	1145.0558123955093	460	60.0
301	1604.7939070616314	468.6057840797417	1374.6810989177975	461	60.0
302	1605.4051883878938	469.8607164916615	1420.9574789122003	462	60.0
303	1604.9931417374264	470.7937622468975	1426.8651759612083	463	60.0
304	1605.150307186741	472.16673810544364	1384.7232947305997	464	60.0
305	1605.916286779942	473.01312335958005	1835.9683390601797	465	60.0
306	1606.53540390369	473.69026926912665	1912.5070303172533	466	60.0
307	1605.6888571428572	474.979	1843.6605220101055	467	60.0
308	1605.5272914521113	475.4191555097837	1767.0511586213715	468	60.0
309	1605.8009080902586	475.4420748486516	1878.9559897333008	469	60.0
310	1605.8056120965398	475.132887467287	1928.4792393076461	470	60.0
311	1607.0608354359406	475.79618727221754	1894.8331399718315	471	60.0
312	1605.9966063348415	476.68939883645766	1658.5729874797767	472	60.0
313	1607.042770192466	477.2426385918737	1686.1303231146671	473	60.0
314	1606.978350515464	477.4851251840943	1631.7313281793624	474	60.0
315	1607.50352498825	477.04684317718943	1520.0049014647077	475	60.0
316	1608.4648419779223	478.1985483139271	1739.3347797898186	476	60.0
317	1607.2938001233806	478.6785934608267	1676.8108987301111	477	60.0
318	1606.8692334989355	480.5099361249113	1232.4165206180721	478	60.0
319	1606.391378655526	481.3271933156096	1257.9166298850644	479	60.0
320	1606.5799632352941	482.43382352941177	1487.048687107555	480	60.0
321	1607.0243066375817	482.51355562480524	1669.228658487216	481	60.0
322	1607.0979498861047	482.88187438984704	1714.5743225891101	482	60.0
323	1607.6971193415638	484.56063100137175	1925.0996559482119	483	60.0
324	1608.2625588101382	485.9449081803005	1849.576641270899	484	60.0
325	1608.1625304834313	487.0318462200545	1850.308795441592	485	60.0
326	1607.7530269876004	488.18249452954046	1660.1014758191013	486	60.0
327	1608.0741243551452	489.34591365734457	1726.217049864121	487	60.0
328	1608.2838085273345	490.1681925189642	1846.1233765616116	488	60.0
329	1608.5516483516483	490.86167582417585	1796.572858397736	489	60.0
330	1607.5404500401821	491.24310206268416	1841.502658602413	490	60.0
331	1608.5533875338754	492.020054200542	1656.0278660409062	491	60.0
332	1608.2958409625949	492.748757520272	1597.0482550842728	492	60.0
333	1608.393363206976	493.8616931088773	1938.28453211845	493	60.0
334	1608.471116167362	494.74693464795854	1905.0247255963736	494	60.0
335	1608.3381898454745	495.45592347314204	1722.247349465936	495	60.0
336	1608.3194558269136	496.57203737092277	1394.5659436321503	496	60.0
337	1609.1427712654042	496.99594229035165	1449.8133486791169	497	60.0
338	1608.8732843919565	498.14395148420044	1613.5153554677345	498	60.0
339	1607.879049676026	498.7296893171623	1576.182576353099	499	60.0
340	1607.7232978380123	499.8952888028396	1553.083338713418	500	60.0
341	1607.4324283559577	500.8505279034691	1659.0505524073956	501	60.0
342	1607.2081670248695	501.0528093337427	1731.2765709438345	502	60.0
343	1607.2245704935915	501.24897736569403	1778.7568420833716	503	60.0
344	1607.140975336323	501.17250560538116	1852.3747763129898	504	60.0
345	1607.2015647226174	502.12674253200566	1911.6261107275654	505	60.0
346	1606.818320822908	502.9140950792327	1845.665127345848	506	60.0
347	1606.4093711467324	504.2634607480477	1797.8591466618814	507	60.0
348	1606.119296776894	505.49086089019113	1849.4583752747633	508	60.0
349	1606.1938338172265	505.800635974008	1850.1449284460805	509	60.0
350	1606.1049399198932	506.9497997329773	1852.9364619866728	510	60.0
351	1605.294184397163	507.0351773049645	1735.6097319934602	511	60.0
352	1606.427527761543	507.1225891291642	1710.0150287650451	512	60.0
353	1606.3230629814227	507.71952877208884	1644.6839090435972	513	60.0
354	1606.43752060666	508.6843059676888	1617.760250612033	514	60.0
355	1606.9739959993844	509.84228342821973	1609.8898022704932	515	60.0
356	1605.9501682422688	510.188271110399	1658.8153552299054	516	60.0
357	1606.366897839424	512.3014137103228	1828.893814630738	517	60.0
358	1606.3945693678404	512.4685334464715	1958.5142217723042	518	60.0
359	1606.1075566087413	513.5880726698263	1804.8597811668324	519	60.0
360	1606.323296122209	514.9193595769683	1782.2740757721708	520	60.0
361	1606.7599619203047	515.4901400788793	1791.2880137965603	521	60.0
362	1606.7986734834876	516.1023904932983	1840.7658648089734	522	60.0
363	1606.5379378811517	516.2079137710963	1850.919931798244	523	60.0
364	1607.3069265864785	516.8974146274022	1914.800625571361	524	60.0
365	1607.638341264446	516.6062202583277	1576.5551277527263	525	60.0
366	1606.8955866523143	517.0526103336921	1633.336496898705	526	60.0
367	1606.4952648712638	517.9036697247707	1814.2295813401167	527	60.0
368	1605.5319933616079	519.7840678591185	1010.312517412984	528	60.0
369	1605.8103540295322	520.1305817470201	1141.2871805527961	529	60.0
370	1606.2096013716246	520.979711387341	1666.469691469104	530	60.0
371	1606.9153237206672	521.2438507209499	1782.0626364642455	531	60.0
372	1606.9224283305227	521.8638279932546	1823.3858888588547	532	60.0
373	1607.1642898719442	522.533032596042	1836.3024630800808	533	60.0
374	1606.9298351731438	523.0303946771511	1746.0636359105665	534	60.0
375	1606.5093444081874	524.1143577573421	1647.433080328343	535	60.0
376	1607.2018054746652	524.9205008736168	1752.0684437388454	536	60.0
377	1607.5054861322767	525.9382810118866	1759.51424723391	537	60.0
378	1607.254043905257	526.2391681109185	1635.769492288319	538	60.0
379	1607.2052327110175	527.9552984485932	1789.0923742712164	539	60.0
380	1607.1214994165693	528.5923278879814	1594.0543249832458	540	60.0
381	1607.0546976475682	529.8855534709194	1720.769804499244	541	60.0
382	1607.1619620546044	531.0493598642604	1616.723964431688	542	60.0
383	1607.0823014195107	531.8399275143461	1652.7899718142492	543	60.0
384	1607.200168444694	532.8483997754071	1774.0048398469864	544	60.0
385	1606.5654917020984	533.782334384858	1815.974247203563	545	60.0
386	1606.403663003663	534.3687912087912	1688.3573980475512	546	60.0
387	1606.5990947743794	535.2038129200384	1972.8617085296173	547	60.0
388	1606.1624365482232	535.9328680203046	1973.0418647414122	548	60.0
389	1605.0879371877231	536.2134189864382	1922.7487394191342	549	60.0
390	1605.013218956546	536.5999156236816	1851.6887831008708	550	60.0
391	1604.8577543158797	537.1050078470538	1916.0436357116837	551	60.0
392	1605.0133693856092	537.7136848430224	1828.1861471915106	552	60.0
393	1604.3806844106464	538.481216730038	1735.7639208286848	553	60.0
394	1604.389616935484	539.1073588709677	1677.317346706874	554	60.0
395	1604.5	539.7090242346939	1675.8400572845205	555	60.0
396	1604.2996708816906	540.0053698250476	1500.288868413786	556	60.0
397	1603.887843807895	540.1805614935157	1983.709120494474	557	60.0
398	1603.5774224192528	540.6684610512983	1532.9705876918763	558	60.0
399	1603.7982041587902	541.7068367989918	1439.5831158658102	559	60.0
400	1603.3346091564847	542.8642720447519	1873.6869670445749	560	60.0
401	1603.9538020086084	543.8284074605452	2031.551833387568	561	60.0
402	1603.4827432311813	545.2332639095507	1663.9737784262666	562	60.0
403	1603.990780669145	546.1167286245353	1654.9661767597343	563	60.0
404	1604.2895961567333	546.2520642546165	1673.3000443733176	564	60.0
405	1603.953915615756	547.291141211272	1579.1176575221903	565	60.0
406	1603.4095238095238	548.9854636591479	1362.9320345650208	566	60.0
407	1602.8903815153144	550.5094035464804	1469.4536108963434	567	60.0
408	1603.2256064198432	551.490424949845	1512.8008570416835	568	60.0
409	1603.3172676837726	552.5634535367545	1401.3104035001725	569	60.0
410	1603.6884804309934	553.0652828394866	1414.6261410530174	570	60.0
411	1603.2320613176778	553.4316699282452	1332.4841703401084	571	60.0
412	1603.4230593954123	554.1310952453289	1563.050723744876	572	60.0
413	1604.1200769914126	554.804708320995	1563.2380385097927	573	60.0
414	1604.8623927472884	555.2964222114294	1653.0767719831597	574	60.0
415	1604.9200945626478	555.2657210401891	1606.9818054429895	575	60.0
416	1604.1887065637065	555.8336550836551	1736.2571243882019	576	60.0
417	1604.3063063063064	556.425193050193	1525.5355782127533	577	60.0
418	1604.4453314326443	558.9207412687099	1753.9652838791833	578	60.0
419	1605.257484146881	561.385783807698	1880.98643923078	579	60.0
420	1604.9722745165154	563.4141708026699	1680.7829961181208	580	60.0
421	1605.6880183014011	564.5727766657135	1959.1000418693664	581	60.0
422	1605.1582448914937	565.6584824964359	1307.555282861191	582	60.0
423	1605.6879759164158	568.2342836904551	1140.8575382302524	583	60.0
424	1606.2436823104692	570.1140466032163	1387.2114673636984	584	60.0
425	1606.4473651270496	572.498560520716	1720.2182745195057	585	60.0
426	1606.975627154916	574.5603376530734	1831.465735824978	586	60.0
427	1606.9205935954178	577.7547513668316	1671.6458780592416	587	60.0
428	1606.4847850587666	578.5989373691837	1384.8400617181292	588	60.0
429	1607.0809778456837	579.886427298192	1525.948961415682	589	60.0
430	1606.9336053994664	581.246586093235	1728.9652926667231	590	60.0
431	1605.8264083986396	582.6228005323081	1697.146833033801	591	60.0
432	1605.380820228184	584.9213691026827	1770.7562439833737	592	60.0
433	1605.443050039714	586.7947577442415	1268.783057339393	593	60.0
434	1606.1541198235377	588.4597979222997	1516.0297644292707	594	60.0
435	1605.664024214471	589.5683194004035	1429.9225213301402	595	60.0
436	1605.9795050270689	592.6955400876515	1467.3053255142304	596	60.0
437	1605.7904302143972	594.2973164844526	1593.2749930315272	597	60.0
438	1605.3013333333333	595.7394666666667	1921.652065919331	598	60.0
439	1605.8862783261504	596.4840817461421	1608.411308234237	599	60.0
440	1606.1270313329792	599.5949017525226	2032.2171927957952	600	60.0
441	1606.2978388113463	601.5606708689779	2223.224930510537	601	60.0
442	1605.9752568956192	603.1648188209844	1489.6855415593793	602	60.0
443	1605.9319136172765	605.1445710857829	1186.2272173952192	603	60.0
444	1606.079893916791	606.542847671142	1427.390135986747	604	60.0
445	1605.9562906083875	608.9810986414649	1238.7169211281355	605	60.0
446	1606.0188416988417	611.0074131274131	1360.7972903766963	606	60.0
447	1606.3799511002444	613.0118581907091	1801.171879885236	607	60.0
448	1606.3028565245618	614.1390391690111	2231.955841076565	608	60.0
449	1606.5581096699627	615.8136637986388	1957.4029255090302	609	60.0
450	1607.1036061026352	617.1636615811373	1978.5131479500333	610	60.0
451	1607.247725774555	618.5926170072512	1938.4078545026725	611	60.0
452	1607.0914998700287	620.9101897582532	1578.5108590938694	612	60.0
453	1607.5014263485477	623.8004408713693	1546.181699943847	613	60.0
454	1607.4846500800234	625.5098210388477	1415.034047876923	614	60.0
455	1607.2557606984399	627.3476456275941	1673.8024176505392	615	60.0
456	1606.4410513521725	628.7588878760255	1542.5919717531087	616	60.0
457	1606.0221898283123	630.049400712666	1255.716325661366	617	60.0
458	1606.1472045293701	632.510686482661	1270.5971823590596	618	60.0
459	1606.9181936228538	633.8842879815322	1395.8518468898599	619	60.0
460	1607.012292705555	635.2174417256175	1670.7662516265152	620	60.0
461	1606.8103512939117	637.0062507813477	1543.5213093185655	621	60.0
462	1607.1284415256378	639.1761808537509	1493.0529048633273	622	60.0
463	1606.090909090909	640.9080845353908	1345.1915653906456	623	60.0
464	1606.5561199410126	642.5087661805669	1407.4770420666728	624	60.0
465	1606.5383773430017	644.199616910658	1605.5581724291665	625	60.0
466	1606.3005201560468	645.4968790637191	1608.8911601414588	626	60.0
467	1605.9837858220212	647.1225490196078	950.2383581165261	627	60.0
468	1605.942559444296	649.8590702644938	1530.1665964924098	628	60.0
469	1605.8641419118683	650.9208785020414	1442.3473358693432	629	60.0
470	1606.4764125799575	652.7106876332623	1577.9964977460786	630	60.0
471	1606.8765230498682	654.6868483858811	1340.510507927095	631	60.0
472	1605.7495343172375	657.1961599082963	1164.3451454278904	632	60.0
473	1606.0013513513513	659.3757985257985	1321.5498065517972	633	60.0
474	1605.7750158528852	661.0183893468611	1739.98652766626	634	60.0
475	1606.3594262295082	662.1879781420765	1581.4772321224038	635	60.0
476	1605.1260313531352	664.5926155115511	787.0850316462795	636	60.0
477	1605.34353684911	666.3021127932125	976.8660367588923	637	60.0
478	1604.9472992940405	668.028730914464	992.6650105329653	638	60.0
479	1604.5835058661146	669.1280193236715	1244.3921459240696	639	60.0
480	1603.5225610597488	669.9675727887402	1396.1900090172276	640	60.0
481	1602.938642889527	671.4346380534986	1370.374211623325	641	60.0
482	1603.1639668826494	673.0894528437725	1323.632823352045	642	60.0
483	1603.0371213447731	674.68341796533	1203.0264922881122	643	60.0
484	1603.4139503462252	676.4306704948489	1163.0205593914322	644	60.0
485	1603.2145816072907	678.1252219197538	1514.2763502934695	645	60.0
486	1604.1305424262885	680.0459149223498	1548.7270695791492	646	60.0
487	1603.2432931331527	681.6596111247846	1530.5028917975833	647	60.0
488	1602.822546078011	683.6198028289756	1487.2249560752016	648	60.0
489	1603.3262687427912	685.2530276816609	1413.9931024268947	649	60.0
490	1603.0180113128908	686.5885680261982	1477.6318093688803	650	60.0
491	1602.3514957264956	688.7547313797314	1337.9455923559296	651	60.0
492	1602.544235924933	690.4559051784959	1226.7143543045388	652	60.0
493	1602.0620660337254	692.0529970242312	1258.9320962265463	653	60.0
494	1602.1281669150521	692.947495127823	1772.737595094636	654	60.0
495	1602.3144311589913	694.940333846336	1858.941007157687	655	60.0
496	1602.2017343678685	696.5816217860946	1503.9848943702514	656	60.0
497	1602.5553460031917	698.0829827361091	1457.7811007671824	657	60.0
498	1601.5774583269613	699.7355864811133	1163.8289689168857	658	60.0
499	1601.9796692870696	701.7187584711304	1415.2765260308977	659	60.0
500	1602.0214499501164	703.6777519122048	1428.8469753514485	660	60.0
501	1601.8107288629737	705.3507871720117	1612.9067041487558	661	60.0
502	1601.8053554650799	707.6554963983714	1443.629908165116	662	60.0
503	1601.9684401619886	708.7254573383606	1239.2313954985864	663	60.0
504	1602.3977169542093	710.7222726683098	1542.7277124022332	664	60.0
505	1601.1774212857656	711.6434813839339	1500.7425059172144	665	60.0
506	1600.7613423760524	713.9514733395697	1505.5332479638155	666	60.0
507	1600.5239793896155	715.5472321310609	1390.9140966260384	667	60.0
508	1599.8774201355277	717.2170861568247	1624.5342676311095	668	60.0
509	1599.858749314317	718.7395776193089	1277.881821010019	669	60.0
510	1600.0818611987381	720.7263406940064	1111.0477816649734	670	60.0
511	1600.3869820655534	723.519635126778	1166.144567549605	671	60.0
512	1601.461231723527	725.3828090385467	1188.5295641006155	672	60.0
513	1601.5388510840323	726.5315714511789	1107.3711916415218	673	60.0
514	1600.7009298393914	728.1176669484362	1036.5723371672102	674	60.0
515	1601.3320317759526	729.7214218392352	1476.350820248581	675	60.0
516	1600.9213545266068	731.6331720801659	1379.3303728147791	676	60.0
517	1600.928090625513	733.450829092103	1027.5987440331085	677	60.0
518	1600.7738685430993	734.854309931233	1054.9293952452842	678	60.0
519	1598.7870881736812	737.9982860407541	885.8842562662703	679	60.0
520	1598.1201933179238	739.1151502416474	802.8800562885508	680	60.0
521	1599.5190540374954	740.5717436588653	1376.8237317442452	681	60.0
522	1599.25813421454	742.7907981698017	1347.24678295359	682	60.0
523	1599.0955574182733	744.6535744222249	1408.8781992153158	683	60.0
524	1598.1205255396167	746.2940072395763	1319.5971898575897	684	60.0
525	1598.7634520792965	747.1345953197198	1131.8601171758535	685	60.0
526	1598.0182245737801	749.4822653341172	860.9155131835416	686	60.0
527	1598.558870967742	751.8627419354839	1064.742172779327	687	60.0
528	1597.4533333333334	753.0035555555555	717.5603717316147	688	60.0
529	1597.4879757621663	755.1425866313198	864.4149830972561	689	60.0
530	1599.092617055629	756.9452517246441	1298.517871881339	690	60.0
531	1599.478290551611	757.606226105953	1141.1897832199093	691	60.0
532	1599.4162154031287	759.7029181708784	1005.4759647404428	692	60.0
533	1598.1272202166065	761.8797111913358	1047.370796604628	693	60.0
534	1599.1174906964382	763.6916533758639	1291.8751843420057	694	60.0
535	1599.835635359116	764.8531307550645	1118.8001230971724	695	60.0
536	1598.9715076522305	766.6317160534028	1054.5841553196492	696	60.0
537	1599.019887904538	767.517627915386	949.6751812232138	697	60.0
538	1598.862950819672	770.4339344262295	1047.3727364783228	698	60.0
539	1598.3597328244275	770.6532442748091	899.7106723845229	699	60.0
540	1597.8812233285917	773.6824324324324	965.6458210193	700	60.0
541	1599.071825764597	774.9487179487179	1111.5887042558463	701	60.0
542	1598.0921111276184	776.9477046501263	1155.7157195468183	702	60.0
543	1598.4931138198513	779.0201044799746	1084.6339316396438	703	60.0
544	1598.5056091009637	780.4324537841682	1086.7109721679424	704	60.0
545	1598.4501111547013	781.5203347718059	1202.2041490066665	705	60.0
546	1597.8305659703624	783.5452597750402	913.1763886210072	706	60.0
547	1596.936028184684	784.558872612646	879.2644512503474	707	60.0
548	1597.559435498462	786.9236475483988	901.1178026520557	708	60.0
549	1597.1012779991754	789.4540332554624	1186.428240873466	709	60.0
550	1597.1498984427894	790.8158429248476	1207.5942578481504	710	60.0
551	1598.1415976018338	792.7053429730206	949.5604253909029	711	60.0
552	1598.9129736243137	794.7047797563262	1221.3299271317312	712	60.0
553	1599.2274094002216	796.5986706757399	1033.2820738446123	713	60.0
554	1600.4174603174604	800.831746031746	1027.1400042420153	714	60.0
555	1599.4417594865017	802.8402869548801	863.6300997107229	715	60.0
556	1598.819718883683	803.7985333061723	800.3700508740682	716	60.0
557	1598.5231704759908	804.5871251834766	777.2786921889826	717	60.0
558	1598.7672562553926	805.4514667817084	755.8446126453941	718	60.0
559	1598.2287994061978	807.6479866394508	869.8236691255761	719	60.0
560	1599.2143892475951	810.2300698379233	1254.585336219695	720	60.0
561	1598.0655332302936	811.2153013910355	1039.1765115656917	721	60.0
562	1598.2749832327297	812.0675720992623	957.9083421057362	722	60.0
563	1286.2101520353115	363.6991172143207	751.0615605154181	345	61.0
564	1286.1350826044704	364.58867832847426	718.1784423446408	346	61.0
565	1284.2278106508875	363.84182976786525	768.085544568315	347	61.0
566	1284.3456328818309	363.67445119103223	749.7292589989579	348	61.0
567	1284.401533949921	362.597563726596	801.9430162094723	349	61.0
568	1282.3623470522803	372.17352614015573	712.5176329828581	394	62.0
569	1282.1725932350391	372.6383347788378	716.0683607465779	395	62.0
570	1281.4741798298905	372.54374240583235	712.1229189950606	396	62.0
571	1283.1819029850747	371.7002487562189	719.5309443395452	400	63.0
572	1281.6344908769865	373.6686286050618	701.8361818717793	409	64.0
573	1280.5010752688172	378.46666666666664	864.5541466725122	422	65.0
574	1281.5561674008811	378.8496696035242	831.4728604134717	423	65.0
575	558.7767503302509	34.81638044914135	751.9831098316799	541	66.0
576	1714.561797752809	408.8793787177792	755.2616210676409	543	67.0
577	1278.3584337349398	423.40443592552026	736.0755719465391	593	68.0
578	1279.109185918592	422.8633113311331	784.4434642756266	594	68.0
579	1274.9619512195122	427.7368292682927	825.7095040035241	619	69.0
580	1273.9790133551376	428.02671027527936	749.9574195205251	628	70.0
581	1275.9244019138755	428.9081339712919	1060.9974419143064	629	70.0
582	1275.887067395264	428.67418032786884	923.5821719217454	630	70.0
583	1275.1565674891147	427.4343251088534	928.1364049358307	631	70.0
584	1274.3115589529766	430.0271021542738	720.2289716022644	632	70.0
585	1276.1134535367546	434.48377253814147	708.1049006259269	644	71.0
586	1709.1090733590734	484.16988416988414	902.8141143844242	646	72.0
587	1708.5014319187712	484.50794064045823	723.4385438585426	647	72.0
588	1708.5161937517914	485.51304098595585	741.3813218668921	648	72.0
589	1709.0438667749797	486.0465746005957	752.8657046226242	649	72.0
590	1708.063623789765	487.95325034578144	738.1980031084686	651	73.0
591	1277.1693121693122	440.1659451659452	719.7231953151223	652	74.0
592	1276.4843373493975	438.97156626506023	740.3384156639036	653	74.0
593	1275.5246262093228	439.96547933157433	924.270386620475	654	74.0
594	1275.1071342200726	439.8377267230955	909.994206771284	655	74.0
595	1276.3413948256468	438.5902699662542	813.6574295421594	656	74.0
596	1276.25	438.54767552182165	891.6299319359409	657	74.0
597	1275.5851280888687	437.948084334618	785.0817528509532	658	74.0
598	1707.5241094700261	488.86794092093834	821.329654389545	653	75.0
599	1707.8107189542484	489.0318954248366	777.3382209374048	654	75.0
600	1707.5185077236956	489.32206353832703	755.0641169122794	655	75.0
601	1708.241076830006	490.54053236539625	756.4542919196792	656	75.0
602	1707.1787412587412	491.02041958041957	756.0666524361927	657	75.0
603	1278.1989966555184	437.628762541806	718.0317851990158	664	76.0
604	1276.0251217636503	437.11586772622405	700.8735203619123	665	76.0
605	1276.429613011778	435.81912507010657	701.0030491738307	668	77.0
606	1705.2895018746653	501.72442420996254	734.0284311876287	668	78.0
607	1704.1226098955253	501.6804652079637	889.0146020274034	669	78.0
608	1704.2628324056896	503.12636569779426	850.1092726903448	670	78.0
609	1702.4443983402489	503.30497925311204	869.0192974009116	671	78.0
610	1703.4585948572585	503.92933792265643	866.9542928803634	672	78.0
611	1705.224547023296	503.6921915444349	812.4343795616545	673	78.0
612	1704.8046071575484	505.2893870835047	852.0396793418388	674	78.0
613	1706.9924694884446	506.31342508439366	765.5078778480255	675	78.0
614	1706.152143193594	506.9241639189826	809.4867675150729	676	78.0
615	1705.59155527265	507.7091024824952	795.1195010060811	677	78.0
616	1706.688782626021	507.97489539748955	846.7440644068578	678	78.0
617	1705.5400788436268	520.3427069645204	725.2107005002928	690	79.0
618	1705.5836446658363	521.2420091324201	750.7171457609944	691	79.0
619	1705.3665677546983	521.8563798219585	764.5428703012843	692	79.0
620	1274.8722374237002	440.5680909282256	740.2775341449739	691	80.0
621	1274.6678571428572	440.5394841269841	762.2741970956425	692	80.0
622	1275.0894846139324	440.4921653766283	801.1441313523053	693	80.0
623	1275.4792646430099	439.6868319794784	803.2153259372545	694	80.0
624	1275.0624028425493	440.47679324894517	773.167120059326	695	80.0
625	1273.7713137296382	439.56759043790987	811.6280205463988	696	80.0
626	1274.5254429804634	439.7810086324398	755.8253747504226	697	80.0
627	1274.9085689985116	439.6593663618967	807.5072097799267	698	80.0
628	1275.98	440.5759574468085	806.9923969861179	699	80.0
629	1274.63953716415	439.9952931947441	875.5028523075055	700	80.0
630	1274.70479777954	439.49563838223634	866.057062753551	701	80.0
631	1274.7536382536382	438.84303534303535	825.879157780448	702	80.0
632	1274.1168461694776	440.7096118675066	844.9396196926845	703	80.0
633	1274.103217158177	440.6275692582663	768.5445270064323	704	80.0
634	1275.447204968944	439.71328391103987	784.6476929112426	705	80.0
635	1275.2086112795635	438.6488781079442	806.5494723278205	706	80.0
636	1275.1120546810273	437.4772162386081	787.147927060389	707	80.0
637	1274.929069535764	437.7457660888623	818.2938757934987	708	80.0
638	1274.1628976619395	437.6002299731698	850.7327966026859	709	80.0
639	1704.8835129557442	523.4982802109608	748.7862412168378	694	81.0
640	1705.1093007467753	524.5084860828242	758.7442823766736	695	81.0
641	1706.0259091989542	526.927977180889	722.3437872728368	698	82.0
642	1705.2297383535417	534.7777068708785	739.0560617863658	705	83.0
643	1706.4308961723584	535.3600733440294	711.3352229161675	706	83.0
644	1708.534310960707	549.4846775709719	879.3173545068596	720	84.0
645	1708.168134664318	549.8637698179683	820.5800305392765	721	84.0
646	1708.415458937198	550.6055369751022	864.4303650592005	722	84.0
647	1272.2373683078908	439.7798322941303	747.0185402306079	721	85.0
648	1273.8958151700087	441.4653443766347	721.5917061529418	724	86.0
649	1599.0236270753512	819.94061302682	788.3071627967205	727	87.0
650	1598.126383226558	821.0557173364396	864.3189007164553	728	87.0
651	1598.1654906991662	821.5875561257216	784.783439846799	729	87.0
652	1598.291860681691	822.6260011175266	873.5196703561026	730	87.0
653	1597.347263868066	823.1514242878561	868.1506725684789	731	87.0
654	1598.3697632058288	824.0451730418944	893.2100243191927	732	87.0
655	1599.2705715802513	824.6774022296938	919.4038519594966	733	87.0
656	1597.9766597510372	825.5769363762103	941.0427760722876	734	87.0
657	1597.3460129122318	827.5166637585064	924.8562319364086	735	87.0
658	1597.60492040521	827.6067293777135	824.1830728327471	736	87.0
659	1597.1665051679586	827.467377260982	923.0870680453603	737	87.0
660	1596.5768595041322	827.6094665664914	973.8636160091144	738	87.0
661	1597.3637782982046	827.9617486338798	937.2771762473853	739	87.0
662	1596.380083253282	827.7342299071406	914.0098739798858	740	87.0
663	1596.164832214765	829.1409395973154	1090.1974961815802	741	87.0
664	1596.126357615894	829.8627814569536	1104.829685575581	742	87.0
665	1595.4728932851435	829.7405364276203	769.2843271713513	743	87.0
666	1594.3563132259274	830.6547396028475	781.1395919987689	744	87.0
667	1270.3248241206031	439.78150753768847	834.7867464694943	729	88.0
668	1268.8112627330386	438.81126273303863	846.511984515329	730	88.0
669	1270.777821703894	439.4376358964222	823.0836305329713	731	88.0
670	1270.8220510741792	439.5914065666802	802.7501384318574	732	88.0
671	1272.9792212654436	441.7785473605391	781.7228220942283	741	89.0
672	1274.7330684486185	441.7579916922521	810.2572144413234	742	89.0
673	1274.6128266033254	441.8669833729216	800.8927377988977	743	89.0
674	1273.7455223880597	441.8436567164179	784.3589758548898	744	89.0
675	1274.5280921584479	441.9803961196443	796.3410244321744	745	89.0
676	1273.6622516556292	441.9890314569536	796.6128791745525	746	89.0
677	1274.9274158285964	441.7953651071272	754.0859706967801	747	89.0
678	1272.9668727915193	441.9070229681979	746.4948503523125	748	89.0
679	1271.9753827058337	441.44952420355816	777.9936362379003	749	89.0
680	1594.4607941947188	834.3594033460996	817.8881724151129	747	90.0
681	1594.3815608413604	834.7053273048948	838.6526730879447	748	90.0
682	1593.9280615815255	835.1224632610217	1149.9306021762097	749	90.0
683	1595.477981197427	835.6458848754742	961.3602147917296	750	90.0
684	1595.031875	836.28734375	1046.4575903898585	751	90.0
685	1594.1265432098764	836.2181069958848	1100.5003660446855	752	90.0
686	1595.1447666049764	837.4242237302077	786.4132974886126	753	90.0
687	1594.936640965471	839.8151190077103	964.4867906345479	754	90.0
688	1593.812448270154	839.0152292666777	976.9119329896583	755	90.0
689	1593.3445692883895	838.7627965043696	1036.4902950905089	756	90.0
690	1592.4560822008618	838.8538283062645	975.7809242279681	757	90.0
691	1593.165549493375	839.5678877630553	1037.393872874116	758	90.0
692	1591.5603421461897	839.7696734059098	1040.0200024806754	759	90.0
693	1592.245096571343	840.9720017966762	1080.122489757498	760	90.0
694	1591.9734430812239	842.1931977015064	1041.2739657333966	761	90.0
695	1592.4868550772264	843.4697666776208	1008.0557263736788	762	90.0
696	1592.5604242740394	844.7231785776387	929.9120293624434	763	90.0
697	1591.2529237214173	844.5672892302322	948.8213766769064	764	90.0
698	1591.3545426736005	844.640715815234	1031.0520273366938	765	90.0
699	1590.8938377059183	845.0466748017084	1036.05373727041	766	90.0
700	1590.2625563425627	845.8047327752737	1006.0452059019672	767	90.0
701	1590.137874028765	845.9105637295421	979.6470461205729	768	90.0
702	1590.453307098532	847.4962918117149	1070.0162224308638	769	90.0
703	1590.127115716753	847.8753022452504	926.3198309355388	770	90.0
704	1590.540746106483	848.3931546541108	883.4379219095617	771	90.0
705	1590.187360178971	849.3661446681581	858.1602703953077	772	90.0
706	1590.1738634202015	851.0192124785999	841.041860825528	773	90.0
707	1589.342316705725	850.9765651155005	955.9651285191742	774	90.0
708	1588.9237152888604	851.248324289818	977.8953386539662	775	90.0
709	1588.6435066780336	851.0822676896846	1125.9753883374674	776	90.0
710	1589.4003571960113	852.5392171454085	1074.940129900461	777	90.0
711	1587.693803329137	852.8903343124913	1143.7337384519117	778	90.0
712	1588.6575712143929	853.2274362818591	1067.0665491825366	779	90.0
713	1590.2956521739131	852.9095317725753	934.8967698912504	780	90.0
714	1589.4119744744744	852.4222972972973	914.819990156804	781	90.0
715	1589.3432170840374	853.8056537102474	1117.6016209095997	782	90.0
716	1589.1599494231073	853.7645013434487	1086.3520736014975	783	90.0
717	1589.4234201420506	854.7082498634129	942.805686412498	784	90.0
718	1590.0810575752305	856.42303009219	987.1058790186686	785	90.0
719	1589.1675942121165	856.6027985371284	1059.3784048300347	786	90.0
720	1590.0413182488933	857.4095753402197	1027.3733197097065	787	90.0
721	1589.2938388625591	857.5751414156857	1101.898126614316	788	90.0
722	1588.1181115879829	856.8413733905579	981.2806279664258	789	90.0
723	1588.900049317771	858.0350156172941	1024.9611862078987	790	90.0
724	1588.326923076923	858.7577876668786	1059.9515383973821	791	90.0
725	1588.0966683078943	859.1357295256852	1026.4279598625635	792	90.0
726	1587.8972774344413	859.5485217972273	1008.5976734806728	793	90.0
727	1273.5514787636203	442.28285523682456	735.299966247374	751	91.0
728	1273.5345188284518	441.96778242677823	773.1322383441501	752	91.0
729	1273.5702496826068	441.8867964451968	764.2585325788984	753	91.0
730	1273.578441399059	442.4053998772755	790.3747769715563	754	91.0
731	1274.0423529411764	442.33862745098037	824.7394236462933	755	91.0
732	1273.3922555663116	442.189738625363	835.4357637550684	756	91.0
733	1710.8486175115208	573.9016129032258	718.7789797133486	764	92.0
734	1463.9262109551833	587.1659121774559	706.9725372945617	774	93.0
735	1464.2493523316061	591.5161917098445	724.1541535344936	780	94.0
736	1704.7190579187695	582.648401826484	714.4477601163002	783	95.0
737	1704.9529884242854	583.7481691471769	726.8068604232569	784	95.0
738	1704.1377757766772	583.8973435389464	748.2525473275153	787	96.0
739	1704.2510204081632	583.6351473922903	742.9094539625644	789	97.0
740	1704.0436533163806	583.6787454969273	795.1326381251149	790	97.0
741	1704.188578734285	583.6420200298317	790.5836887633367	791	97.0
742	1705.0272998394128	584.5102087634779	734.3179840868069	792	97.0
743	1703.959478021978	584.9619963369963	735.8534554473991	793	97.0
744	1588.3825516309594	861.8538892105771	921.6491682341888	795	98.0
745	1588.254129606099	861.8810355781449	1095.3712770701663	796	98.0
746	1588.2291468744063	862.6363290898727	901.2768192842733	797	98.0
747	1589.1696564885497	863.0064885496183	876.7891018152221	798	98.0
748	1588.419458303635	863.1578759800427	961.0422781347789	799	98.0
749	1588.8208747975007	864.0819254802129	739.8919681373037	800	98.0
750	1588.0904822876653	864.041826717883	802.3421349316844	801	98.0
751	1588.149957591179	864.7178965224766	1009.3484603974135	802	98.0
752	1587.7001934235977	865.4235976789168	708.2806240850758	803	98.0
753	1588.204535820263	868.0243747350572	807.9468047469506	804	98.0
754	1587.8928421933863	867.7312683131017	799.5421305818467	805	98.0
755	1587.5563394081912	868.9915735841662	856.7904570836146	806	98.0
756	1586.6882242990655	869.626168224299	898.2616001170562	807	98.0
757	1586.2934371523916	869.3486095661847	754.7076434628351	808	98.0
758	1587.4836117572424	872.2848382321844	793.9960947576745	809	98.0
759	1587.9978926892527	871.8032095963689	996.4563475133617	810	98.0
760	1587.4840435344033	871.6524626452684	841.6856213709492	811	98.0
761	1587.5382733310032	873.4106955609926	888.42005635207	812	98.0
762	1587.5132067684688	873.5280643829963	832.5335862831612	813	98.0
763	1586.9465468306528	873.8978240302744	712.0990682874299	814	98.0
764	1587.5785562632695	875.5377919320595	793.280573122151	815	98.0
765	1587.8907772020725	875.9560621761658	812.647648464214	816	98.0
766	1705.5128039595438	594.5112976113621	721.5113599909243	812	99.0
767	1707.0342313145636	595.1897913712781	848.1672132645411	813	99.0
768	1707.089254385965	595.8039473684211	768.0160244538032	814	99.0
769	1705.1817118346655	595.6141548060051	863.8505434274974	815	99.0
770	1703.3699330972058	597.5456513183786	855.9327149212716	816	99.0
771	1703.5878512069648	597.0633161851998	851.2168321944326	817	99.0
772	1703.353691534596	599.001546192501	871.4280754559658	818	99.0
773	1702.5430563406821	599.5897870736762	893.8285265645169	819	99.0
774	1701.34665641814	599.8391621829362	876.4878613451577	820	99.0
775	1700.9089659910683	600.9740638955685	980.5710608409033	821	99.0
776	1699.8937274368232	601.4824007220217	746.4622382400884	822	99.0
777	1588.9566500226963	882.4069450748979	742.081087953456	821	100.0
778	1588.3844108359647	882.498421140103	1013.4168067442715	822	100.0
779	1587.4488898198576	882.4671135316297	804.065274902527	823	100.0
780	1587.3247710520438	882.9343310252401	754.0406624367446	824	100.0
781	1587.2661870503598	885.4708804385064	915.7389648218843	825	100.0
782	1699.9048285514345	602.456496384418	722.0398302136083	824	101.0
783	1586.59693019344	887.0336417157275	752.8322702414696	828	102.0
784	1587.894725370532	887.8533129904098	726.2393725542183	829	102.0
785	1586.918841851283	891.1197631059442	721.6489318820143	833	103.0
786	1586.300562382837	890.9270985211414	759.955367836269	834	103.0
787	1289.9402329158427	473.8932102834542	731.6378800202656	837	104.0
788	1289.2394110985279	475.0493771234428	709.7731593139505	838	104.0
789	1587.062471395881	894.8267734553775	702.537174070592	839	105.0
790	1290.4814254859612	475.5704103671706	740.8666061465246	840	106.0
791	1289.482422271896	475.1755740703109	763.0184854575991	841	106.0
792	1289.254126031508	474.89909977494375	803.9745184072823	842	106.0
793	1289.2382728164866	474.839842983317	768.2339183070686	843	106.0
794	1289.213936690036	474.90545995326113	806.0722903507143	844	106.0
795	1288.4139514541876	475.55040454843646	783.1284036933105	845	106.0
796	1289.0771798080934	474.7599082186066	793.6302697921031	846	106.0
797	1586.9595564253098	902.0845836051316	761.3486881046897	846	107.0
798	1586.1031353135313	901.6978135313532	802.5694881041451	847	107.0
799	1586.5282938287423	903.5056587657484	775.254600874038	848	107.0
800	1585.5104231166151	904.6262125902992	802.0731456832617	850	108.0
801	1291.2674548293553	476.0091456613875	736.9917030555756	855	109.0
802	1290.424204460035	475.8195940866951	707.4583414320473	856	109.0
803	1289.3408850307007	475.70654245183147	751.190539597313	857	109.0
804	1290.066237350506	475.0747470101196	787.6364514947521	858	109.0
805	1290.3015559938638	475.634889327197	817.9755519263562	859	109.0
806	1290.3764391447369	475.8739720394737	870.6607902641111	860	109.0
807	1288.3754378734802	475.4283948073357	834.7574335233613	861	109.0
808	1585.709054145136	909.6996180633565	806.2948126962148	858	110.0
809	1584.4818719940806	912.5987791342952	929.8781552586034	862	111.0
810	1586.9723560209425	912.9001047120419	821.340767917098	863	111.0
811	1586.0677791512155	911.7987227029254	834.9299682353609	864	111.0
812	1585.1342565878053	912.2512021542605	853.8165171132581	865	111.0
813	1584.2388468013469	913.1830808080808	780.4109887454782	866	111.0
814	1585.3733788395905	914.2741751990899	782.4022715110175	867	111.0
815	1586.50718208703	915.0530207013097	842.751400042821	868	111.0
816	1288.9489260143198	474.9470167064439	720.7162272159378	864	112.0
817	1288.9510166358596	474.9896025878004	710.7747424632008	865	112.0
818	1694.3114015322217	624.9643983776476	713.9805351827871	873	113.0
819	1695.5861442132903	625.384568773985	796.5114082221673	874	113.0
820	1696.2194392523365	625.9900934579439	860.7028253234803	875	113.0
821	1697.4529173887927	626.9046793760832	835.4450405427784	876	113.0
822	1586.345763373682	927.1333463490824	852.3591277719943	885	114.0
823	1585.3316431924882	927.3047887323944	864.7668560184785	886	114.0
824	1585.4551927326295	932.9798674195924	701.2003006426887	890	115.0
825	1584.2690395704913	933.0163054285147	820.987488346045	894	116.0
826	1584.2551123709252	934.1168252682729	806.295310818859	895	116.0
827	1584.298436142485	935.7660729800174	751.6063192974341	896	116.0
828	1469.9518654997696	616.8247351450945	713.4145118241252	929	117.0
829	1469.2787315212208	610.5848831664282	703.7567539757564	937	118.0
830	1465.4343323049802	583.4486557955046	701.9781697997103	960	119.0
831	1466.2003058103976	581.1199213630406	729.6390249380983	962	120.0
832	1466.0289971808297	578.4742247281514	843.241540437184	966	121.0
833	1464.2648945921173	569.1015123739688	710.5474854524432	973	122.0
834	1465.0951293759513	568.058789954338	921.4207942213615	975	123.0
835	1465.2146005995414	566.306824193264	972.0765705273479	976	123.0
836	1465.3617806731813	565.7038002171553	758.9161567851471	977	123.0
837	1697.3176943699732	678.1854334226988	784.6802653985567	975	124.0
838	1694.3365737740332	678.7627997407648	793.4654284907589	976	124.0
839	1694.2723091076357	679.5220791168354	716.5618783282996	977	124.0
840	1696.7014993184916	679.7839618355293	725.4627034025056	979	125.0
841	1695.5287720888084	680.6880380607159	744.7455098806485	981	126.0
842	1693.8485727029438	681.7769848349687	756.5561545774416	982	126.0
843	1466.960046728972	561.3091121495327	722.1365614610728	981	127.0
844	1466.3150208623088	558.0461288827074	732.9587516833604	984	128.0
845	1466.3024096385543	556.7532530120482	705.0974903749549	985	128.0
846	1466.265666965085	554.5069382273948	759.1239454790637	986	128.0
847	1467.063011275702	553.1751050187928	768.4615839500831	988	129.0
848	1466.4924691921497	537.3986764034687	738.6174825678838	1002	130.0
849	1698.2099110546378	693.5763659466328	700.6448182331766	1008	131.0
850	1468.413676860101	519.150734408861	721.7092009383514	1019	132.0
851	1471.4495508669313	502.79360768748694	780.6949122396313	1034	133.0
852	1472.0128871806467	499.9798779109202	714.9641679865708	1037	134.0
853	1468.9691144708424	485.5289416846652	761.5040883179724	1050	135.0
854	1468.4477276977746	485.1131475593791	758.4692988035816	1051	135.0
855	1468.6352379267646	483.9555987970989	917.5115262479947	1052	135.0
856	1468.4944707740917	483.7460066701773	924.6520719347961	1053	135.0
857	1469.0650735294118	482.3145220588235	882.9396649684555	1054	135.0
858	1468.9289399624765	479.0344746716698	702.6120411804105	1056	136.0
859	1468.9300325430033	476.73686657368665	708.875041107206	1058	137.0
860	1468.4964539007092	475.4931163954944	778.0905804268914	1059	137.0
861	1466.0618976226172	471.8087384878989	757.8024440694336	1062	138.0
862	1479.3880062653839	445.56724099351084	723.3599261687588	1083	139.0
863	1479.562855980472	444.44711147274205	835.4889574161605	1084	139.0
864	1480.1305827307528	443.97213951509997	794.4803665053865	1085	139.0
865	1481.1149967818064	443.5438747049989	787.5534653363185	1086	139.0
866	1481.440311418685	442.7218858131488	781.300981437879	1087	139.0
867	1480.4199961021243	442.20132527772364	866.9669843766777	1088	139.0
868	1480.9255833508514	442.5934412444818	785.1211172791286	1089	139.0
869	1479.8336755646817	438.36253707506273	723.3948248551246	1092	140.0
870	1480.242872928177	437.9166850828729	764.5747278022791	1093	140.0
871	1480.190082644628	436.8856749311295	736.0193401782824	1094	140.0
872	1480.0825312308007	436.1775547818964	770.8816586762862	1095	140.0
873	1480.9415584415585	435.5114196148679	730.4866146992506	1096	140.0
874	1481.5875316310098	435.4412238325282	711.0186884294359	1097	140.0
875	1481.0831880448318	434.78854296388545	712.1174992048689	1098	140.0
876	1481.4500959692898	426.3171785028791	703.1818099231974	1104	141.0
877	1480.9125964010282	424.63846693152607	721.9086808379246	1107	142.0
878	1482.7216125419932	420.02262038073906	753.1753750660695	1112	143.0
879	1484.0	418.2171096716551	755.3044782525409	1116	144.0
880	1491.2212467076383	409.89925373134326	770.6624338727811	1132	145.0
881	1491.1167840375588	412.51115023474176	818.3455108219946	1143	146.0
882	1492.2096522078937	412.5296991012114	819.306010247842	1144	146.0
883	1492.4564306198986	413.1297154202515	725.6573162277194	1145	146.0
884	1491.9308919078558	413.6394959637724	884.4356619198579	1146	146.0
885	1492.9533197371402	416.5363698164514	747.6125367108377	1186	147.0
886	1492.4633046330464	416.9719147191472	806.4203316914302	1187	147.0
887	1492.4171376893512	416.88107619262945	722.8560312479646	1188	147.0
888	1492.326443639463	417.70168335819307	766.9861335137477	1190	148.0
889	1492.0087699572746	418.12975039352375	726.7818742245123	1191	148.0
890	1491.2395089285715	419.83392857142854	732.1798309601805	1194	149.0
891	1491.5822550831792	420.0575066748819	795.7552671752499	1195	149.0
892	1491.880016464293	419.8330932290595	775.0660352346437	1196	149.0
893	1492.2352311261825	420.09245047296093	895.0315630935368	1197	149.0
894	1493.1287980639956	420.01936004302235	705.8729604983231	1200	150.0
895	1492.2179669030734	421.46241134751773	706.6429954696765	1204	151.0
896	1491.9942832014071	422.05826737027263	759.7659444558914	1205	151.0
897	1492.7470400728598	421.731102003643	733.6992729274833	1208	152.0
898	1493.1482511003012	424.7998610145935	711.290026923856	1214	153.0
899	1494.3528133301136	425.00700313933834	714.6538164829334	1217	154.0
900	1494.0166959578207	424.4975834797891	785.5842324740463	1218	154.0
901	1493.5293507571043	425.14644264675377	821.8855113746858	1219	154.0
902	1492.929546455306	425.5279612505504	740.1137829778969	1220	154.0
903	1493.9814713896458	426.5887375113533	897.0362680476393	1221	154.0
904	1493.932180066837	426.7320621191272	828.923432435666	1222	154.0
905	1495.5631049167635	426.1637630662021	841.7964200888563	1224	155.0
906	1495.539354090118	425.82556565461226	842.6097329923618	1225	155.0
907	1494.9007887090079	425.78393524283933	912.4693142781374	1226	155.0
908	1494.950819672131	426.13133816240946	854.8378632003186	1227	155.0
909	1494.9556320520176	426.7773952954676	852.067731249725	1228	155.0
910	1494.9797912502777	427.7155229846769	733.7657284026606	1229	155.0
911	1494.6829765545363	428.28195718654433	781.9922921403376	1230	155.0
912	1494.9793694946686	430.2139545665276	720.1927660342798	1235	156.0
913	1495.3019031141869	433.12456747404843	719.7772181330674	1245	157.0
914	1495.0968184939345	434.04417486839094	713.0995047276608	1246	157.0
915	1495.5432205216641	433.6303082560897	757.1683682783369	1248	158.0
916	1496.9916056823074	434.30004304778305	758.3108943783473	1249	158.0
917	1497.9771177117711	434.08602860286027	741.8258749353397	1250	158.0
918	1498.7794755316952	434.42267189758417	790.466609798163	1251	158.0
919	1498.9157353598569	434.8643272239607	756.954910372616	1253	159.0
920	1498.8085859703474	434.7705244523125	737.583747953865	1256	160.0
921	1499.0760635169574	435.97863164085476	833.0511185142147	1260	161.0
922	1499.329866270431	436.96953937592866	902.2235948307215	1261	161.0
923	1498.5626790830945	437.0141475644699	961.9826572457592	1262	161.0
924	1497.8417417993478	436.26126990216767	853.4046135357033	1263	161.0
925	1497.9512095120951	436.2332923329233	808.644714104229	1264	161.0
926	1498.1386243386244	436.4372134038801	917.6742892834019	1265	161.0
927	1497.918553688824	436.19868517165816	886.186310637719	1266	161.0
928	1497.4378026070763	437.483426443203	851.4292464421733	1267	161.0
929	1495.7849705749209	437.41285649615213	700.5476365114401	1270	162.0
930	1496.8847144697295	435.21597252039504	723.1398742224326	1275	163.0
931	1497.0462573591253	435.15811606391924	809.6587692406636	1276	163.0
932	1496.4147998993203	437.33173923986914	711.9778937483997	1278	164.0
933	1497.2260565141285	437.2873218304576	706.7661503852044	1279	164.0
934	1497.0632723677707	436.99184379634204	715.075451193269	1280	164.0
935	1496.9411243913237	438.3718459495352	798.4953066642928	1281	164.0
936	1496.3257075471697	438.4169811320755	749.3581217647869	1282	164.0
937	1496.0202641165756	439.57285974499086	784.4774785986964	1283	164.0
938	1496.5481392557024	439.3543817527011	728.1281975922934	1284	164.0
939	1496.796478725634	439.069377488996	822.4350584940707	1285	164.0
940	1497.01885902876	438.87317303158886	731.2449210085617	1286	164.0
941	1496.9943613630792	438.56190242706543	703.1453894144528	1288	165.0
942	1497.3611294948157	438.9183763512023	809.5258262378586	1289	165.0
943	1497.46408839779	441.1542711432214	771.2343224487558	1294	166.0
944	1499.290601813685	442.219703215169	795.1612694698554	1297	167.0
945	1499.6285149384885	442.8121704745167	745.9963105166491	1298	167.0
946	1499.3655539627277	442.6792955150522	800.2416485616867	1299	167.0
947	1500.9826348691827	443.4857605927298	707.8115257296589	1301	168.0
948	1504.0412439347156	447.9280988089987	709.9176258087871	1320	169.0
949	1501.738057142857	448.472	701.2944758109342	1325	170.0
950	1503.136723163842	449.75570621468927	731.6204047804003	1332	171.0
951	1505.009878419453	450.1850303951368	787.8509022512651	1337	172.0
952	1505.4237573715247	449.96672283066556	780.5580910339575	1339	173.0
953	1506.2805854104733	449.9041847701807	718.909126388268	1340	173.0
954	1505.9970887918487	449.72135579122477	790.586322616323	1341	173.0
955	1506.4808197582763	450.4445612191277	916.1556024718603	1343	174.0
956	1506.2623211446742	450.13937466878644	930.6536500055495	1344	174.0
957	1506.1958287596049	451.21866081229416	748.8324882160559	1345	174.0
958	1505.91559756921	452.33468377222596	813.4010346656262	1348	175.0
959	1506.5973994111873	452.89082433758585	773.8814083372125	1349	175.0
960	1507.0573092822247	453.51484404359263	831.4153335716745	1350	175.0
961	1506.534126836526	453.50083689789847	891.256162512636	1355	176.0
962	1505.1803395889187	453.20732797140306	927.3925397016553	1356	176.0
963	1504.3415526873434	454.10672317472546	860.4333792261259	1357	176.0
964	1504.5558692072455	454.6831333803811	704.6238293566032	1358	176.0
965	1504.3179018478045	454.1098748261474	834.2388321691593	1359	176.0
966	1505.0181818181818	455.1065268065268	711.084734092981	1361	177.0
967	1505.2256254383915	455.22398877718024	708.9289664636184	1362	177.0
968	1505.7341296173413	455.34505640345054	749.3728916020618	1363	177.0
969	1507.2843093428698	454.502682163612	740.2539608928544	1368	178.0
970	1507.9427250803858	455.9618167202572	780.9511899139046	1372	179.0
971	1507.881273724167	457.6535217207929	744.2257930110259	1376	180.0
972	1508.393890996207	459.44779397085244	786.1296915209255	1378	181.0
973	1508.320400245048	458.49111701041454	756.1448873265483	1379	181.0
974	1508.2184123025768	458.3763507896924	723.3891904419795	1380	181.0
975	1506.456602131825	458.9153795953883	730.9988873155688	1383	182.0
976	1507.0474194971328	459.12240846934276	785.5902235088253	1384	182.0
977	1508.064935064935	459.14285714285717	827.1747851417293	1385	182.0
978	1508.0650128314799	459.7012403763901	810.1946575875003	1386	182.0
979	1508.5114503816794	459.86553141514975	898.3495853326671	1387	182.0
980	1507.8398541919805	459.7582017010936	712.9907157946022	1389	183.0
981	1507.4924754634678	460.67873500545255	781.5601774636976	1391	184.0
982	1507.9639695285155	461.05723697755815	808.8783025594978	1392	184.0
983	1506.7001699441612	459.66156834183056	719.9131694289125	1398	185.0
984	1507.4719175076789	461.57525230364195	778.75173676666	1406	186.0
985	1508.4273045988864	461.6916890080429	785.8595699949068	1413	187.0
986	1508.651642796967	462.9517691659646	764.0788716067638	1423	188.0
987	1509.923095014111	467.9581373471308	722.899803886313	1433	189.0
988	1508.7238636363636	470.86136363636365	897.6734037532195	1436	190.0
989	1508.1644749754662	470.18959764474977	866.227543739446	1437	190.0
990	1510.4395871281117	471.4909937259664	833.646883372317	1442	191.0
991	1510.4450584484591	472.3296493092455	812.2846666339126	1443	191.0
992	1511.4694977365812	472.2914421211468	787.6621092925992	1444	191.0
993	1511.1888780487805	472.9441951219512	870.118417995407	1445	191.0
994	1513.043448589627	475.16219290263876	751.468579008746	1451	192.0
995	1512.910734987248	475.16971945281705	737.2802511210491	1452	192.0
996	1512.1268821521783	475.55510941577995	851.4706533308836	1453	192.0
997	1512.408242772196	475.6967397990568	833.6925067847258	1454	192.0
998	1514.427927202448	474.9821227250765	1011.9009010881408	1455	192.0
999	1513.9031890660592	473.6379555808656	1201.8293556073	1456	192.0
1000	1513.8905282571466	472.63878276906865	1241.6700514612255	1457	192.0
1001	1514.0842857142857	471.57492063492066	1055.2061172141473	1458	192.0
1002	1514.58466066482	471.1423130193906	993.9267815799716	1459	192.0
1003	1514.492846322168	470.8241036862481	1014.3707310834035	1460	192.0
1004	1513.9775994026506	469.69273847302594	914.6580017057456	1461	192.0
1005	1514.3496220776938	469.6712954825101	951.9976869093563	1462	192.0
1006	1513.4318584070797	469.35274336283186	945.4714239827497	1463	192.0
1007	1513.9471397538016	468.9965604634323	1005.7399873414362	1464	192.0
1008	1513.9655045194613	467.98044641210106	986.9870512994072	1465	192.0
1009	1514.3764017552414	464.0148707947343	739.784131416571	1469	193.0
1010	1513.2184442270059	462.3505381604697	711.8451408796151	1471	194.0
1011	1515.561234102685	456.3572774375883	731.3437763545312	1475	195.0
1012	1515.3971104231166	456.428689370485	834.5173099032793	1476	195.0
1013	1515.0309657860546	455.58033780857517	795.4181500791216	1477	195.0
1014	1514.4968260685569	454.9187473550571	794.0129123541793	1478	195.0
1015	1513.4503816793892	453.94544229905705	748.3138880524101	1479	195.0
1016	1514.334161728159	453.43796597208944	878.8569365731324	1480	195.0
1017	1514.1446114757568	453.2102477239043	793.5082840569622	1481	195.0
1018	1513.1243917918341	452.4260630420986	794.1803215619861	1482	195.0
1019	1513.6792014856082	451.4312906220984	723.7843929107332	1483	195.0
1020	1514.7164810690424	451.20734966592426	754.3621209071415	1484	195.0
1021	1515.8046795523906	445.69501525940996	809.829323432172	1487	196.0
1022	1515.5584814570989	444.6197059468949	750.8369056718158	1488	196.0
1023	1515.3872794598126	444.1239381398388	756.4448468549751	1489	196.0
1024	1515.1683842115497	442.509430293603	847.3961644080534	1490	196.0
1025	1515.19322152341	441.1208944793851	943.1257330491344	1491	196.0
1026	1515.646289817713	440.9449456821948	894.8490314797081	1492	196.0
1027	1515.6354920759147	439.99510858931717	842.1236236223141	1493	196.0
1028	1515.0461568938194	439.7341521394612	831.7433089503896	1494	196.0
1029	1514.4393669634026	438.1533135509397	832.8966772472702	1495	196.0
1030	1515.2623313871552	437.3710489228911	818.3971900864868	1496	196.0
1031	1518.534651266104	433.9828964904487	709.745026795084	1500	197.0
1032	1519.018121911038	428.9164509296305	730.8938073351575	1505	198.0
1033	1520.2351097178682	419.81907747424987	736.2482500088784	1515	199.0
1034	1512.0567477348593	391.75488793514546	735.3273315002295	1537	200.0
1035	1511.379512195122	391.9321951219512	718.8464614093803	1538	200.0
1036	1512.5932075471699	391.1937106918239	712.5186550172533	1539	200.0
1037	1511.099909990999	390.1953195319532	796.5870093988805	1540	200.0
1038	1510.9512646514497	389.9553773390911	852.6254552253712	1541	200.0
1039	1510.9014427255345	386.195550147749	900.0144753826502	1545	201.0
1040	1510.2919327731092	385.9605042016807	975.9835911144258	1546	201.0
1041	1512.1442277932529	385.36366450015475	1059.6317302648706	1547	201.0
1042	1511.2808988764045	384.039974070873	758.7148798190093	1548	201.0
1043	1511.5691489361702	382.7968085106383	770.5185685283802	1549	201.0
1044	1511.572216330859	382.01611876988335	795.8505299567911	1550	201.0
1045	1512.342223087405	379.94374148335606	867.0804183219589	1551	201.0
1046	1512.4600083752093	380.4637772194305	806.1484543530989	1552	201.0
1047	1511.5816716164616	379.5277895630038	795.6695949469827	1553	201.0
1048	1512.186739804436	377.98592892916764	707.7322684835675	1554	201.0
1049	1512.9061093247587	377.7069667738478	787.4007965338299	1555	201.0
1050	1512.3095630667765	377.7240313272877	818.9728579042536	1556	201.0
1051	1513.29825308905	376.9563272262463	792.3059146589984	1557	201.0
1052	1513.2659081331647	376.78697850821743	774.0135041769275	1558	201.0
1053	1514.0338369865929	375.760800170249	766.3488874862978	1559	201.0
1054	1514.9933604626258	373.1777682587278	769.2200069856251	1561	202.0
1055	1514.535611907387	372.3245865490629	751.4267083401172	1562	202.0
1056	1513.3916164891152	372.41824918943956	715.4693140837362	1563	202.0
1057	1513.4645222327342	372.0849101229896	700.5567994316898	1564	202.0
1058	1512.9893794252396	371.3009162848813	795.6655039902967	1565	202.0
1059	1514.5482081911264	358.482295221843	770.7204677923015	1575	203.0
1060	1514.288545008492	341.200603887526	875.4656656091514	1592	204.0
1061	1515.1184022824536	340.8928061952313	846.0193362901354	1593	204.0
1062	1516.215522771007	340.2818045755826	790.7175727027127	1594	204.0
1063	1515.678984861977	339.93143365983974	759.4405252470783	1595	204.0
1064	1515.368137024871	329.1586109807602	706.3697547808229	1605	205.0
1065	1516.0653566851772	328.3402392140111	775.9273706182689	1606	205.0
1066	1515.5562525293403	328.56272764063135	790.9974867979075	1607	205.0
1067	1228.8856377038196	776.3609559973196	728.157176191714	1681	206.0
1068	1227.9418554006968	775.0775261324042	736.7364406531966	1682	206.0
1069	1228.83524173028	772.2264631043257	756.6308915767586	1683	206.0
1070	1227.7892969984202	771.0926145339653	812.463860730887	1684	206.0
1071	1229.1237024221452	764.3808391003461	741.8704925044384	1688	207.0
1072	1226.1150085034014	728.2257653061224	726.4610698013336	1710	208.0
1073	1226.8573146292586	726.9400801603207	770.6301837449978	1711	208.0
1074	1226.9023944805194	725.5505275974026	761.0544547698513	1712	208.0
1075	1226.9313105773283	725.1715128529288	789.9581406618162	1713	208.0
1076	1227.2844317932997	701.6669586161594	760.9716680894044	1730	209.0
1077	1226.0088495575221	696.1499886544134	734.3560878426501	1734	210.0
1078	1227.3296475466482	689.5616217461414	723.0068391736164	1740	211.0
1079	1228.4874349105728	681.3244283450306	724.9552663289103	1752	212.0
1080	1227.4438479707967	682.1088683701954	724.6484284407983	1755	213.0
1081	1226.1875137392833	682.7205979336118	824.1577178066882	1759	214.0
1082	1225.9851537645811	682.1493107104984	784.7056555981186	1760	214.0
1083	1224.9734203777105	685.4229424108183	755.9842648274941	1767	215.0
1084	1226.2136155356752	686.7091424830896	782.2529903124619	1770	216.0
1085	1226.2376817885827	686.7291078793141	766.6936653094787	1771	216.0
1086	1227.2120759547686	686.7650949434607	771.6644882474035	1772	216.0
1087	1226.5928632846087	685.5552450558899	795.6805818457754	1773	216.0
1088	1224.0027816411682	690.8251539837075	786.8453917830541	1785	217.0
1089	1224.4901635949473	691.9703872437358	790.1746379962755	1786	217.0
1090	1224.7187876354878	693.0289040545965	908.0952943120695	1787	217.0
1091	1224.35960591133	692.4719590754073	917.2072434473819	1788	217.0
1092	1224.5242299023291	693.0065740045079	912.1208504945881	1789	217.0
1093	1224.5309886339267	694.0482521981556	780.5708000515833	1790	217.0
1094	1224.5353638593622	694.0412919051513	781.2990843026274	1791	217.0
1095	1224.5433465636097	693.9628159598914	876.7646504413586	1792	217.0
1096	1224.9190952588083	693.4560678555894	850.3979122864222	1794	218.0
1097	1224.330227140361	694.2061735585323	822.6638559368016	1795	218.0
1098	1224.3221793221794	694.5160875160875	753.3144993724455	1796	218.0
1099	1223.9120448179272	694.1198879551821	882.9329029420226	1797	218.0
1100	1224.0685036356679	693.9567546880979	834.8080606184734	1798	218.0
1101	1224.071649883811	693.8741285824942	847.5539979273293	1799	218.0
1102	1223.1301678264429	694.8262382316824	775.3805302110223	1800	218.0
1103	1222.9203559510568	694.7199110122358	768.8830748305037	1801	218.0
1104	1222.958807122935	695.7612100407638	791.5902403954732	1802	218.0
1105	1223.0345864661654	696.9733619763695	754.4904190725733	1804	219.0
1106	1223.4451642757983	704.6198519204072	753.4789949555369	1815	220.0
1107	1190.007513988809	1013.0417266187051	1594.6929203173136	1819	221.0
1108	1223.430102622577	705.236259977195	742.2035611598643	1820	222.0
1109	1223.4505422993493	705.4793926247288	780.2885328601515	1821	222.0
1110	1225.2604428212737	709.1805523853002	737.2420729514687	1831	223.0
1111	1226.096065406234	711.269545222279	718.7640976352551	1834	224.0
1112	1226.2426309378807	711.5858708891595	743.82636110992	1835	224.0
1113	1227.0691690273843	712.1718602455146	767.5607836406404	1836	224.0
1114	1226.6986634264886	711.5645200486026	745.639640346015	1837	224.0
1115	1225.9662004662005	711.9328671328672	777.3483773840576	1838	224.0
1116	1226.692618086874	711.9738903394256	763.3959706104977	1839	224.0
1117	1226.7433437275126	711.9702566562725	755.4231667398919	1840	224.0
1118	1226.9185201997277	711.5306400363141	798.3675875883818	1841	224.0
1119	1226.5682071891047	713.5003348961822	715.7735116651313	1845	225.0
1120	1226.0217807563427	713.429631402585	701.2858501088575	1846	225.0
1121	1226.00980861244	713.2332535885167	714.5471435262566	1847	225.0
1122	1225.40421713773	713.0888290713324	757.5654757413715	1848	225.0
1123	1225.828589771025	712.4996790070619	794.0950058339298	1849	225.0
1124	1226.7468570210951	713.0658427445131	797.4954261365812	1850	225.0
1125	1225.887206148282	713.1993670886076	781.9389382267354	1851	225.0
1126	1226.4051087185983	713.1063964534516	837.261582047619	1852	225.0
1127	1226.461669144192	713.9653854321512	816.8042477218643	1853	225.0
1128	1226.4543384194944	714.1375540879071	782.2076111738297	1854	225.0
1129	1226.516573971079	714.1457174638488	800.7340496985572	1855	225.0
1130	1227.308734575369	714.3738204693927	736.2477925259482	1856	225.0
1131	1226.2949468661895	714.322489698547	840.6864689150722	1857	225.0
1132	1226.0371024734982	714.4657685512368	806.6134624696666	1858	225.0
1133	1224.438938829204	715.5511949133962	749.6378427146233	1863	226.0
1134	1224.3159144893111	715.9546318289787	700.8408259965056	1864	226.0
1135	1223.511184939092	716.6301218161683	779.3633433548305	1865	226.0
1136	1223.267070008643	717.2335782195332	824.7315263291462	1866	226.0
1137	1223.3616268788683	717.304376657825	783.6553154511405	1867	226.0
1138	1223.9649122807018	717.0468576504553	764.3611318748477	1868	226.0
1139	1225.016471175443	716.8210631395059	733.7755299615699	1872	227.0
1140	1225.110587125678	720.3565196887527	818.5076866070334	1876	228.0
1141	1225.0108643167553	723.1760019314341	758.0195293081391	1882	229.0
1142	1224.9039903264813	723.694800483676	739.5434212261412	1883	229.0
1143	1224.549344978166	723.9344978165939	739.3389357201415	1884	229.0
1144	1224.9871989585592	724.0492514645259	728.7320162934856	1885	229.0
1145	1225.14499449945	724.0569856985699	750.80882900895	1886	229.0
1146	1225.5731414868105	723.7625899280575	794.9152292695093	1887	229.0
1147	1226.7053199313557	724.2025006128953	746.1925478023694	1888	229.0
1148	1226.9163810829334	726.9577336074938	760.5860490296377	1891	230.0
1149	1226.1612195121952	727.2841463414634	774.7799243132293	1892	230.0
1150	1225.792129162462	728.0209384460142	717.4799240170562	1894	231.0
1151	1226.4248743718592	728.8758793969849	769.2862978088709	1895	231.0
1152	1230.4143250688705	732.2239669421488	720.6798009506206	1906	232.0
1153	1229.1732882502113	732.9222316145393	701.4640207313322	1915	233.0
1154	1227.738677645919	738.1581496730444	759.5748542354783	1924	234.0
1155	1227.8787515006002	738.742136854742	743.0642961935663	1925	234.0
1156	1228.1561199912414	739.9831399167944	729.3934828311732	1927	235.0
1157	1228.2166486486487	740.8492972972973	745.9090836736607	1928	235.0
1158	1228.212625951059	740.0565494550689	810.210771497158	1929	235.0
1159	1228.1754981884058	739.9395380434783	737.0693586999222	1930	235.0
1160	1228.1863727454909	741.2527912968794	706.9259059227161	1932	236.0
1161	1227.3240785064625	741.9432742939206	747.4254464648935	1934	237.0
