frame	Unnamed: 0	x	y	mass	frame	particle
347	2105	1449.0647166361975	353.8153564899452	752.4254383408105	347	376.0
348	2106	1447.2800868486352	353.0682382133995	703.2998443498648	348	376.0
349	2107	1448.384724588302	353.9554230550824	847.7624207079178	349	376.0
350	2108	1447.2691185055453	354.15557501459426	827.1954121429187	350	376.0
351	2109	1450.2041458934666	354.2387824717922	865.5789718098208	351	376.0
352	2110	1449.6223002159827	355.5496760259179	869.4853500439871	352	376.0
353	2111	1449.5672848311935	355.20090347123164	1057.9698370991769	353	376.0
354	2112	1449.4991123510015	355.35049454729904	1022.2085611521422	354	376.0
355	2113	1450.7851909994765	355.7817896389325	968.2811930425207	355	376.0
356	2114	1451.0176669264747	355.24032216160043	932.4527041153427	356	376.0
357	2115	1448.5794487921064	354.8237495746853	789.9403136058278	357	376.0
358	2116	1450.108967935872	354.938126252505	900.6893501226848	358	376.0
359	2117	1449.2444269603986	355.23419879360085	872.2261681018242	359	376.0
360	2118	1448.2156598042527	356.4417819777252	828.1468090233342	360	376.0
361	2119	1448.5252689925005	356.90251059667435	729.5032259996234	361	376.0
362	2120	1449.618295589988	356.97765196662687	867.9659772899846	362	376.0
363	2121	1448.8732735643325	357.5839592924643	1042.4148829172811	363	376.0
364	2122	1449.8097744360905	357.51754385964915	983.9649727442144	364	376.0
365	2123	1448.9992227979276	358.0613989637306	963.0448849679744	365	376.0
366	2124	1448.6808367071524	358.00269905533065	979.5347526221516	366	376.0
367	2125	1447.0815270935962	359.0497536945813	1072.610791107562	367	376.0
368	2126	1450.038559322034	359.03601694915255	1104.51869940806	368	376.0
369	2127	1450.0684764991895	359.4382090761751	1159.3887984095852	369	376.0
370	2128	1450.7788697788699	359.660710297074	1118.0741090752483	370	376.0
371	2129	1448.8750493485986	359.55842874062375	1208.7205824655969	371	376.0
372	2130	1448.9401534526855	361.0112531969309	1066.043257391915	372	376.0
373	2131	1447.7861545756284	361.88501659554294	974.931717555618	373	376.0
374	2132	1446.3381361840577	362.1766209621194	1026.520721696723	374	376.0
375	2133	1447.0920082571513	361.6782659982306	808.9943353181029	375	376.0
376	2134	1449.4784565916398	361.91254019292603	770.9237487857596	376	376.0
377	2135	1448.7516129032258	361.53763440860223	989.2091459255037	377	376.0
378	2136	1446.5961420698102	362.943661971831	873.4685452724991	378	376.0
379	2137	1447.5822461712992	362.2787861599546	863.0832778144279	379	376.0
380	2138	1448.1281752505247	362.47191796783966	1095.5595241785943	380	376.0
381	2139	1448.425831512503	363.8885651857247	918.4591876739287	381	376.0
382	2140	1449.1309325065586	364.65561650369676	946.7205180249432	382	376.0
383	2141	1449.9065865264213	364.7187578261958	954.9229308918933	383	376.0
384	2142	1449.1728172817282	365.1496399639964	1112.7452623989466	384	376.0
385	2143	1449.665927240461	365.5851818988465	1013.9723997636796	385	376.0
386	2144	1448.8219150233786	365.861760520431	987.174704876561	386	376.0
387	2145	1447.2914409534128	366.9385157096425	841.2159895460313	387	376.0
388	2146	1448.0792227204786	368.69431988041856	954.1163085403933	388	376.0
389	2147	1448.2452774498227	370.23288075560805	792.5734334936596	389	376.0
390	2148	1448.7035830618893	370.3517915309446	1105.8378427322475	390	376.0
391	2149	1448.8945530726255	370.8975791433892	1134.2637220270924	391	376.0
392	2150	1448.1372450264416	370.99949634852686	1072.9621219432618	392	376.0
393	2151	1448.1451187335092	370.9450307827617	1199.76683260555	393	376.0
394	2152	1448.8111507021588	371.5506183190107	1164.3498230178454	394	376.0
395	2153	1449.4804923847278	371.8900479866472	1225.5890402321995	395	376.0
396	2154	1449.4629684272647	371.48849218058416	1442.9329125073716	396	376.0
397	2155	1449.5789369689785	372.22900612527167	1142.3086464898008	397	376.0
398	2156	1451.05047318612	373.57223974763406	1061.0658415558466	398	376.0
399	2157	1449.458426966292	373.1388764044944	1072.1151776204254	399	376.0
400	2158	1450.230253709909	373.30445189085685	1017.3217836371131	400	376.0
401	2159	1448.9029887310141	373.8868201861832	1025.3692236428044	401	376.0
402	2160	1449.8974537037036	375.0287037037037	988.3302597924823	402	376.0
403	2161	1450.0512376237625	375.8712871287128	1091.5107051957177	403	376.0
404	2162	1449.3174186778595	377.300629590766	965.807355198674	404	376.0
405	2163	1450.2912700020254	376.62689892647364	1228.5805664240781	405	376.0
406	2164	1448.4938875305625	376.78463732681337	1173.641551693993	406	376.0
407	2165	1450.256114817061	376.60198099858496	1183.9221421964612	407	376.0
408	2166	1449.8261941448382	376.91432973805854	1368.3057572100308	408	376.0
409	2167	1449.660697971862	377.460442170656	1204.4182900575838	409	376.0
410	2168	1449.956133056133	377.449896049896	1152.7549347513345	410	376.0
411	2169	1450.2107872298236	378.4225659329764	1090.6018265045168	411	376.0
412	2170	1449.7958182206103	378.8794538084063	1142.087945138125	412	376.0
413	2171	1450.0293799956796	379.9714841218406	1050.1191275275155	413	376.0
414	2172	1449.8586900464154	381.89582258896337	966.6995188723656	414	376.0
415	2173	1449.5165820137436	381.7953391096505	938.0441428504156	415	376.0
416	2174	1450.5351812366737	382.40063965884866	1160.686830326137	416	376.0
417	2175	1451.4671241974759	383.9911445649768	1066.5426542049622	417	376.0
418	2176	1450.6174262734585	383.45281501340486	931.0908339725515	418	376.0
419	2177	1450.4720201454952	383.45551203133743	940.5952453611662	419	376.0
420	2178	1449.4658025372312	385.2220077220077	1003.0480133544105	420	376.0
421	2179	1450.297896859695	385.14750792278886	993.2036914404416	421	376.0
422	2180	1449.9443221138724	385.3790500157281	894.0078850684973	422	376.0
423	2181	1449.9769363166956	385.4867469879518	799.3484711395946	423	376.0
424	2182	1450.2745504840939	386.7634854771785	973.9212705368097	424	376.0
425	2183	1449.4533700137551	387.7997248968363	921.5581632498887	425	376.0
426	2184	1450.4651511366476	389.00024981264056	978.0540938858177	426	376.0
427	2185	1449.4945508100147	388.6848306332842	895.3757637384468	427	376.0
428	2186	1450.4200588523786	387.73197645904855	1088.8250296435606	428	376.0
429	2187	1450.4991601343784	387.8896976483763	977.7321140935236	429	376.0
430	2188	1451.7157894736845	388.783971291866	1023.6505770376376	430	376.0
431	2189	1452.4283039058319	389.86329588014985	1009.8393478111709	431	376.0
432	2190	1452.8542662975085	390.690661968286	1055.7904668638046	432	376.0
433	2191	1453.6738248628012	390.311381531854	1008.0940255795717	433	376.0
434	2192	1452.7463731865932	390.13456728364173	1021.1946108871157	434	376.0
435	2193	1453.5517852620915	390.5672322106863	1075.6267177578013	435	376.0
436	2194	1452.6597806681966	391.1315990818669	1074.9704638090486	436	376.0
437	2195	1451.6138075313806	390.33451882845185	1126.646504123247	437	376.0
438	2196	1452.4316884176185	391.1078711256117	1246.2091894498892	438	376.0
439	2197	1452.7998858664637	390.50028533384057	1314.6505209142654	439	376.0
440	2198	1452.192662565905	389.8859841827768	1189.6604951975035	440	376.0
441	2199	1452.8896907216495	389.88474226804124	1286.2006419667034	441	376.0
442	2200	1453.7532441605108	389.9462966660012	1367.3777895304559	442	376.0
443	2201	1452.1974317817014	390.5707151774568	1326.547738077471	443	376.0
444	2202	1451.5765195010888	389.9489210057415	1254.0937024520324	444	376.0
445	2203	1452.572505384063	389.2340272792534	1294.0263301789182	445	376.0
446	2204	1450.5490989334314	389.5895549834498	1229.7734120968405	446	376.0
447	2205	1450.4838834201892	388.86141671491987	1182.9230948633754	447	376.0
448	2206	1450.4670635682737	388.4549644709045	1131.7291334155022	448	376.0
449	2207	1450.6398713826363	388.3787781350482	1185.403295167091	449	376.0
450	2208	1451.2926440446367	389.3705306308358	1136.0420585614481	450	376.0
451	2209	1450.2759059122695	391.741046831956	1170.9236298114834	451	376.0
452	2210	1451.1305367378845	390.79338196977585	1023.2204154463344	452	376.0
453	2211	1449.9823671497586	390.6147342995169	980.132869672576	453	376.0
454	2212	1448.8287898089172	392.00356687898085	961.0036827920553	454	376.0
455	2213	1449.746516454195	390.9721316335607	905.8470606248912	455	376.0
456	2214	1448.7691519344096	390.37740199846274	951.5518919556823	456	376.0
457	2215	1449.0796573875805	391.50149892933615	1204.3558800773671	457	376.0
458	2216	1450.8437004754358	391.7910063391442	1192.234364666947	458	376.0
459	2217	1450.5904243743198	391.91556039173	1075.7194719001566	459	376.0
460	2218	1452.4901157184186	391.3683702989392	945.492626176915	460	376.0
461	2219	1451.8883700244608	392.3824772070269	1002.7417608917532	461	376.0
462	2220	1451.9958300755802	392.0847015897837	899.2813059114377	462	376.0
463	2221	1450.2441028359397	391.780811025709	856.8267832166939	463	376.0
464	2222	1449.520657163566	391.7465571394056	1030.2273830852632	464	376.0
465	2223	1449.5518386714114	391.69418742586	948.7886609228958	465	376.0
466	2224	1449.4974337040203	390.97177074422586	1031.2055654795945	466	376.0
467	2225	1449.540576794098	390.9523809523809	1016.7522428369182	467	376.0
468	2226	1450.1012788778878	391.0408415841584	1091.6392790788589	468	376.0
469	2227	1449.0613382899628	391.1538104089219	1081.7980454883889	469	376.0
470	2228	1449.4626902919892	391.1781881707013	1048.5241196497036	470	376.0
471	2229	1449.290041403356	390.23011549357165	1072.5088612927248	471	376.0
472	2230	1449.6632432432432	391.9027027027027	961.383524145412	472	376.0
473	2231	1450.0203857957035	391.18347216133276	1004.8386020926407	473	376.0
474	2232	1449.3739578224618	390.9477685139775	983.5045245773867	474	376.0
475	2233	1449.8976328903657	391.09634551495003	1027.6838747808658	475	376.0
476	2234	1449.1325192220716	390.89642695612844	1147.7016189279402	476	376.0
477	2235	1450.4692230070636	390.15782038345117	1173.0549101039874	477	376.0
478	2236	1449.9983683828864	391.0736040609137	1207.6264629905515	478	376.0
479	2237	1449.9717099748534	390.22045264040236	1213.2375758101084	479	376.0
480	2238	1450.0332233223326	390.94323432343236	1146.046623890526	480	376.0
481	2239	1449.267962437213	391.6691417340031	1150.666239864684	481	376.0
482	2240	1448.5336115992968	392.22012302284713	1106.0979550101433	482	376.0
483	2241	1449.0406468531467	392.02819055944053	1106.174799534167	483	376.0
484	2242	1449.1980387976978	392.0616073331912	1156.035825160001	484	376.0
485	2243	1449.0892453218175	391.9202138597573	1279.2139613924267	485	376.0
486	2244	1449.0428007479745	392.14855599418235	1263.7426524152181	486	376.0
487	2245	1449.0915308790989	392.80124723395693	1214.0514323882362	487	376.0
488	2246	1448.399915002125	391.30344241393965	1173.962557493662	488	376.0
489	2247	1449.9958088851633	392.24203688181063	1201.4748302711826	489	376.0
490	2248	1449.9449001051526	392.0525762355416	1131.6282124894294	490	376.0
491	2249	1450.0027975037658	392.0600387346675	1145.1861880373372	491	376.0
492	2250	1450.082605617182	392.757139485485	1088.2627938314442	492	376.0
493	2251	1448.982099267697	391.9452807160293	1137.182636893	493	376.0
494	2252	1449.4872514023457	392.0843957164712	1024.4343691845856	494	376.0
495	2253	1450.251007127363	391.3198016733808	772.8510332540344	495	376.0
496	2254	1449.1865230249261	390.397127165188	1080.6741164924638	496	376.0
497	2255	1448.0841063698206	390.59719645433927	1112.2320040378868	497	376.0
498	2256	1449.1884385928824	390.47253651512034	1124.0775585093238	498	376.0
499	2257	1450.0355703106475	390.2757884752194	1045.1987763845052	499	376.0
500	2258	1450.1833176248822	391.5007068803016	1087.019363089034	500	376.0
501	2259	1450.5893108298171	390.49282700421935	905.6436043281025	501	376.0
502	2260	1449.7893214097846	390.1075749605471	913.826292860208	502	376.0
503	2261	1450.0745490110846	390.1091067159313	1096.1827384830556	503	376.0
504	2262	1450.0932305468561	390.8891833293183	1064.9786063548893	504	376.0
505	2263	1449.999358048467	390.99309902102385	1461.98273992207	505	376.0
506	2264	1450.328047868362	389.8819745699327	1429.4886961531079	506	376.0
507	2265	1451.7828795569912	388.9370096908168	1099.2341710379096	507	376.0
508	2266	1451.409529806885	389.3047858942065	1182.8517575305068	508	376.0
509	2267	1451.1422155688624	389.11107784431135	839.1935770546594	509	376.0
510	2268	1449.2204638472033	389.47121418826737	838.4222737934665	510	376.0
511	2269	1449.3719412724304	389.4507884719956	986.0423434860633	511	376.0
512	2270	1449.4507558405865	389.5732936326157	1021.0928254619416	512	376.0
513	2271	1449.0025655644242	388.3386545039909	989.3904213077193	513	376.0
514	2272	1447.7674931129475	388.7250688705234	1000.9526832109907	514	376.0
515	2273	1448.1958492366412	388.55343511450377	1045.3992797001704	515	376.0
516	2274	1450.4526642524572	388.06156233833417	936.6457411028282	516	376.0
517	2275	1449.6130471145805	388.2679119040981	907.8530701165347	517	376.0
518	2276	1449.812887236679	387.75991325898383	942.6237486525688	518	376.0
519	2277	1449.166666666667	387.1943995691976	995.9777844609996	519	376.0
520	2278	1450.8065781532891	388.8277006638504	965.4665920066029	520	376.0
521	2279	1450.3763861709067	388.3296368775821	1002.8639100623931	521	376.0
522	2280	1450.2110862262039	387.4507278835386	934.0323278867737	522	376.0
523	2281	1450.2934753661787	387.41225033288947	954.3699460258175	523	376.0
524	2282	1449.8896634615385	387.1201923076923	1053.7360253416657	524	376.0
525	2283	1448.2264501160091	387.015313225058	961.3316579337308	525	376.0
526	2284	1448.3167099976365	386.17229969274405	1027.030984089735	526	376.0
527	2285	1447.5547223710053	386.7009462595965	1221.6273569776267	527	376.0
528	2286	1447.505749486653	386.9147843942505	1207.1814115315792	528	376.0
529	2287	1447.3293437886914	386.9609987618655	1219.667616561635	529	376.0
530	2288	1448.2461024498887	386.0432071269488	1093.0070760721542	530	376.0
531	2289	1447.8699381607819	386.05904647915423	1207.976209798435	531	376.0
532	2290	1448.5353218210364	385.94086865515436	1036.0354725222503	532	376.0
533	2291	1449.6832981962991	386.1571796673694	1092.4827110706706	533	376.0
534	2292	1449.7260450160773	386.3127545551983	1095.0866701783327	534	376.0
535	2293	1449.3311258278147	386.2235099337749	895.4503554769367	535	376.0
536	2294	1451.7418950010458	386.27504706128417	1091.086787899013	536	376.0
537	2295	1451.5354048964218	387.2472693032015	1262.5241893309974	537	376.0
538	2296	1450.280369169369	385.96383137939637	1111.0252378633668	538	376.0
539	2297	1450.5085925603655	386.09158146617364	1224.941133340576	539	376.0
540	2298	1451.1717339229776	387.1763405196241	1172.2429706574687	540	376.0
541	2299	1451.2254693588382	387.0944031172512	1235.105018269196	541	376.0
542	2300	1451.8740229049265	386.4991819669151	1159.1975799594893	542	376.0
543	2301	1452.556727175654	386.91230646022416	1474.0201629835105	543	376.0
544	2302	1451.8987323113208	386.7614976415094	1435.8903888653201	544	376.0
545	2303	1451.9590141235115	387.2920243699806	1431.2594009820978	545	376.0
546	2304	1451.3880906148868	387.7273786407767	1654.690320402003	546	376.0
547	2305	1452.6870727159726	387.2622747047856	1578.0038885660047	547	376.0
548	2306	1452.616674218396	387.71514876906815	1303.7642703369268	548	376.0
549	2307	1451.996729990657	387.39037682964806	1218.0484642734841	549	376.0
550	2308	1452.9974880683246	387.7642552122582	1596.0383195220452	550	376.0
551	2309	1451.5299145299145	387.87502374169037	1198.2963970935702	551	376.0
552	2310	1450.7849794238682	387.6981481481482	1228.4985923490465	552	376.0
553	2311	1451.4171275646743	388.12114183764504	1266.9781731849125	553	376.0
554	2312	1450.8731769181989	387.8178503487635	1393.5696103932096	554	376.0
555	2313	1451.6943815599918	388.4747890512451	1203.1374006103488	555	376.0
556	2314	1452.4030335861319	388.9759479956663	1270.2485274541768	556	376.0
557	2315	1451.4557986870898	389.77877461706777	1291.9824008781525	557	376.0
558	2316	1451.3174989849774	390.549533089728	1311.1544901375494	558	376.0
559	2317	1453.436518705175	389.99728629579374	1443.9613119044918	559	376.0
560	2318	1452.7870978900035	389.9757869249395	1429.2532646183786	560	376.0
561	2319	1452.3311310366526	391.6764196948246	1455.7877672834998	561	376.0
562	2320	1452.3220428220432	391.74850824850824	1446.1962425081592	562	376.0
563	2321	1451.5132780082986	391.59273858921165	1271.6045235004885	563	376.0
564	2322	1451.5802016498624	390.9321723189734	1345.0509045070896	564	376.0
565	2323	1451.4466064041674	392.9027118124713	1495.4659277150158	565	376.0
566	2324	1451.5174439302245	393.41011035955864	1439.8302242615189	566	376.0
567	2325	1451.293428658351	392.9114694250076	1575.6175168881214	567	376.0
568	2326	1451.263962624761	393.4051815672117	1253.4507627006014	568	376.0
569	2327	1451.7986942328619	392.8602829162133	1159.8017966865668	569	376.0
570	2328	1451.655353075171	393.99794988610483	1097.4726038739489	570	376.0
571	2329	1450.3336989907855	395.6575252303642	1056.240112497317	571	376.0
572	2330	1451.7521535810974	394.9047501845927	1071.8466746147844	572	376.0
573	2331	1450.7401483541958	395.8824756606398	1060.007157408369	573	376.0
574	2332	1449.2505137690093	396.5295930949445	1214.391120380988	574	376.0
575	2333	1449.8630458318296	396.64074341392995	1284.6317305772425	575	376.0
576	2334	1449.8946629213485	397.5321278089888	1259.0443490905734	576	376.0
577	2335	1449.1298681148178	398.14848719937936	1509.975114239834	577	376.0
578	2336	1451.0115287618592	397.30635282814933	1459.4017087912605	578	376.0
579	2337	1448.4288120024496	398.2826086956522	1409.7967072381048	579	376.0
580	2338	1448.9626617988715	398.31198141387324	1304.5788030424264	580	376.0
581	2339	1447.3205977507318	398.35988291480515	1292.9474382778715	581	376.0
582	2340	1449.7551912568304	399.6712204007286	1205.050119192926	582	376.0
583	2341	1450.4152668509464	400.50010631511805	1072.367763012007	583	376.0
584	2342	1449.6216271463613	401.5472199509403	1096.6705926014542	584	376.0
585	2343	1447.5704679181845	401.83552815914817	923.0721516624516	585	376.0
586	2344	1450.6260987153482	400.97520847419435	1055.127997737163	586	376.0
587	2345	1449.925541277944	402.30628410491113	1332.177506002932	587	376.0
588	2346	1450.5029138786965	402.4936326354414	1223.8307619860575	588	376.0
589	2347	1449.8341894390796	402.43640846517366	1166.6660511883194	589	376.0
590	2348	1450.5421080984022	402.49667803914525	1245.5814529303689	590	376.0
591	2349	1450.7793215445688	403.23493323709846	1191.162522831328	591	376.0
592	2350	1450.0056582421728	404.92795171633344	1244.9553446449142	592	376.0
593	2351	1449.9837052780729	405.4626284094935	1280.4711090279618	593	376.0
594	2352	1450.559262166405	405.7498037676609	1155.167968128291	594	376.0
595	2353	1450.803188839063	406.5419365553895	1312.996125563038	595	376.0
596	2354	1449.3366197183095	407.72341549295777	1369.6590115426645	596	376.0
597	2355	1451.7261274420302	407.89428519262367	1231.8264706909238	597	376.0
598	2356	1450.980785123967	408.80206611570253	1238.268404497742	598	376.0
599	2357	1450.6576754385965	408.9978070175438	1187.685473424503	599	376.0
600	2358	1450.6090113175314	410.4738415545591	1116.9019148968953	600	376.0
601	2359	1449.4217021276595	411.6304255319149	1098.755206185721	601	376.0
602	2360	1449.6586027111575	411.962252346194	1078.909906128589	602	376.0
603	2361	1449.2737854251013	412.03761808367074	1208.9156022882714	603	376.0
604	2362	1450.0235402723285	412.45718901453967	984.2929235976062	604	376.0
605	2363	1449.832023784243	412.5604162242514	1029.223954304063	605	376.0
606	2364	1451.1640625	414.8010602678572	897.3792992251202	606	376.0
607	2365	1451.6760240618735	414.69550272128333	887.7837043359352	607	376.0
608	2366	1451.6586324338489	415.4236311239194	941.4553385898604	608	376.0
609	2367	1450.570160366552	415.7405498281787	861.2947451809778	609	376.0
610	2368	1450.1091290661068	416.07266526757616	951.0589521103453	610	376.0
611	2369	1451.1316909294512	416.59171332586783	1093.560246391384	611	376.0
612	2370	1451.1881654381657	418.03521703521693	1180.982615901761	612	376.0
613	2371	1452.1540130151845	418.8689804772234	1117.1936597025183	613	376.0
614	2372	1450.5091885195127	418.748502994012	1147.1863279383	614	376.0
615	2373	1452.5055698371893	418.359383033419	1351.2983122730307	615	376.0
616	2374	1452.6452076964574	418.2630821794641	1270.3730101567994	616	376.0
617	2375	1451.7657509157511	418.9708791208792	1292.2360209735518	617	376.0
618	2376	1451.6571065529133	419.1927754583409	1309.3784080450043	618	376.0
619	2377	1450.9425309597525	419.4411764705882	1290.966833832262	619	376.0
620	2378	1451.5873733719247	420.08086107091174	1341.1103401980859	620	376.0
621	2379	1450.7705340699813	420.15727440147333	1367.9669943326974	621	376.0
622	2380	1450.8889946686975	421.16393754760094	1365.686291583688	622	376.0
623	2381	1449.414762452737	421.7931941476246	1349.56421042592	623	376.0
624	2382	1449.2851615074026	421.7501682368775	1326.7379443434434	624	376.0
625	2383	1450.5366124260354	421.1028106508876	1207.0993948535233	625	376.0
626	2384	1449.7136240833654	423.4233886530298	1219.8869874657166	626	376.0
627	2385	1447.9920853406745	424.4996558843772	1368.187959995505	627	376.0
628	2386	1447.8240334378265	424.6915360501568	1202.5079408988586	628	376.0
629	2387	1447.8207271207687	425.0793982448809	1198.1642553096624	629	376.0
630	2388	1448.5169354838708	426.19314516129026	1178.3328416484699	630	376.0
631	2389	1448.5115012106535	425.29277643260696	1309.393723897826	631	376.0
632	2390	1448.5243071331213	426.4711494775102	1172.9593245360093	632	376.0
633	2391	1449.548102859198	426.1764071210213	1185.8984330213482	633	376.0
634	2392	1448.8979673176566	427.64368274212836	1122.971072055334	634	376.0
635	2393	1448.9424815119144	427.1643385373871	1090.7472572658446	635	376.0
636	2394	1448.910082933217	429.01942383238764	1095.2750958910888	636	376.0
637	2395	1449.8119242579323	428.0435005117708	943.2372821389172	637	376.0
638	2396	1447.884833538841	429.78890258939583	1024.1093738703032	638	376.0
639	2397	1448.6901634950416	430.462074510855	996.823284356226	639	376.0
640	2398	1448.5601738657974	430.5797337679978	957.615326096918	640	376.0
641	2399	1448.5440131219245	430.73701476216513	898.0964722583963	641	376.0
642	2400	1448.4081053175016	430.7348993288591	981.708091783457	642	376.0
643	2401	1447.0888290713324	432.14333781965	755.6151150455755	643	376.0
644	2402	1447.2272849824749	432.95012132650317	914.4053583688384	644	376.0
645	2403	1448.6671466282696	433.47084233261336	977.8728812029872	645	376.0
646	2404	1446.9845569620254	434.0825316455697	986.9133615206956	646	376.0
647	2405	1445.408888888889	435.7738562091503	970.3572662129833	647	376.0
648	2406	1448.597029952177	436.5872136924239	945.220883625546	648	376.0
649	2407	1445.4159861420442	437.3608017817372	997.7246723141577	649	376.0
650	2408	1445.462257696693	437.88209806157363	1045.4643350916026	650	376.0
651	2409	1445.228707699296	437.35112423347715	1096.8146073820808	651	376.0
652	2410	1445.3898029656714	437.9985781027829	1165.8474706257816	652	376.0
653	2411	1444.561456996149	436.5083440308088	1319.096531153174	653	376.0
654	2412	1444.209668137349	436.5419144446576	1174.5078131781654	654	376.0
655	2413	1445.0556543385492	438.8769559032717	1204.5988505368393	655	376.0
656	2414	1445.2885589519653	438.8653275109169	1246.1960453058432	656	376.0
657	2415	1444.2961420429635	440.02761946514687	1157.9287902027302	657	376.0
658	2416	1446.001038421599	440.9870939029817	1538.9429576438754	658	376.0
659	2417	1446.8619883040935	442.00146198830413	1524.4636510887335	659	376.0
660	2418	1446.7544141252006	442.57271268057787	809.6586562350262	660	376.0
661	2419	1445.8384192096048	443.57978989494745	954.960998678226	661	376.0
662	2420	1447.567404426559	443.89192296636963	892.3889340885241	662	376.0
663	2421	1445.4723004694836	445.5270735524257	791.0695990603334	663	376.0
664	2422	1445.6489127779134	446.7319814317127	1042.5266197397448	664	376.0
665	2423	1444.7943262411347	447.07446808510633	914.2516814865334	665	376.0
666	2424	1444.7166361974405	447.7600548446069	1062.9897644811535	666	376.0
667	2425	1444.4081539166284	448.12666055886393	917.1694069846153	667	376.0
668	2426	1445.4210857262628	448.0217983651226	1034.229302161552	668	376.0
669	2427	1446.5285273708555	447.93831919814966	1178.6680949613597	669	376.0
670	2428	1444.7284345047924	448.59549165779197	1244.6626210319034	670	376.0
671	2429	1446.1324041811847	449.3487224157956	1455.4883328337135	671	376.0
672	2430	1445.2689637102058	450.6697235687148	1759.0521046535723	672	376.0
673	2431	1444.3929819656091	451.1000978610372	1488.7750882829541	673	376.0
674	2432	1445.3441333752753	450.41333752752433	1373.1662886902718	674	376.0
675	2433	1447.3173414462906	451.2029019424292	1016.1624577836284	675	376.0
676	2434	1448.3151436031333	450.8360313315927	986.9817799549777	676	376.0
677	2435	1448.1930212014133	450.9591431095408	1097.8540896172317	677	376.0
678	2436	1447.279271991911	451.1259858442872	1038.413686588417	678	376.0
679	2437	1447.9717514124293	451.53288135593215	1047.0037616778038	679	376.0
680	2438	1447.3782755705836	452.4222316145393	1105.886606808473	680	376.0
681	2439	1448.7563753404306	453.6491705867789	1144.1591338956814	681	376.0
682	2440	1447.9977241693218	453.44970414201197	1120.7718486490649	682	376.0
683	2441	1448.9559689192374	454.0927713680245	1140.6808226197822	683	376.0
684	2442	1448.8523659305993	454.6765509989485	1183.5048094169108	684	376.0
685	2443	1447.4768722466958	453.58436123348025	1158.4246694734484	685	376.0
686	2444	1446.2779092277908	454.91223919122393	1103.606115011005	686	376.0
687	2445	1447.523549826475	455.8822508676252	1061.9297338123063	687	376.0
688	2446	1447.19595314164	455.21150159744417	1221.7360616000585	688	376.0
689	2447	1446.5747392815756	456.494785631518	1142.853886858218	689	376.0
690	2448	1447.3633487466534	456.4470674129959	854.7406436112464	690	376.0
691	2449	1446.2850204498975	456.846881390593	891.5458366875403	691	376.0
692	2450	1445.4502059153876	457.8373268438787	1184.4173710820148	692	376.0
693	2451	1445.4713639047434	458.02125565833495	1074.382762073734	693	376.0
694	2452	1445.3018112889636	458.4502948609941	1134.3475289646774	694	376.0
695	2453	1447.129353233831	458.16915422885575	1055.966294058627	695	376.0
696	2454	1445.450841273059	458.91161564970605	1144.5369372309924	696	376.0
697	2455	1445.964412811388	459.0925266903915	1275.5089137679265	697	376.0
698	2456	1443.9455888938649	459.11800268696817	1068.8878965491244	698	376.0
699	2457	1443.5961844197138	459.6188962071315	1013.77190932703	699	376.0
700	2458	1446.1117647058825	460.08211764705885	1120.0350729881884	700	376.0
701	2459	1445.4647120418852	460.62931937172783	1181.67590416968	701	376.0
702	2460	1445.2309160305344	460.54270038167937	1023.3661596900447	702	376.0
703	2461	1446.6417065737921	460.75511536787116	1087.0706058822004	703	376.0
704	2462	1445.6908059023833	461.43337116912596	1009.1869718820017	704	376.0
705	2463	1445.1523306102836	461.9629985583854	907.9577794608192	705	376.0
706	2464	1444.3551706827307	462.5368975903614	861.6094613114287	706	376.0
707	2465	1445.4072603516736	462.75581395348837	800.7362129988595	707	376.0
708	2466	1445.0154721274175	462.9526734926053	1103.6757823267333	708	376.0
709	2467	1444.1141419491526	463.4724576271187	918.3646148819986	709	376.0
710	2468	1444.4897055567856	464.4985609918088	920.915974927624	710	376.0
711	2469	1443.9562096195261	463.55276381909556	985.4474139489822	711	376.0
712	2470	1444.4472687939426	463.9653866955111	926.071655871214	712	376.0
713	2471	1443.562028047465	463.9042610571737	916.1538446604684	713	376.0
714	2472	1445.747738158595	465.2605996097215	1352.8450118560852	714	376.0
715	2473	1445.9017070979332	465.1651392632525	1280.1213573781092	715	376.0
716	2474	1444.5339626513444	466.8510158013544	1087.9008360532782	716	376.0
717	2475	1444.5452688904015	467.3614703880191	1022.6670815731004	717	376.0
718	2476	1444.185702875399	467.78214856230034	1179.5962547893996	718	376.0
719	2477	1445.159588400374	467.78952291861566	1297.305220201454	719	376.0
720	2478	1447.4127803135543	468.42647350664816	1145.6623785005631	720	376.0
721	2479	1445.4149259399924	469.0700721610331	1244.3205579332528	721	376.0
722	2480	1445.1860781644955	468.97141746062607	1236.927361309023	722	376.0
723	2481	1444.7519882796148	469.8424026789452	1199.2828720253046	723	376.0
724	2482	1446.5794974427395	469.93684678674674	1127.791446237906	724	376.0
725	2483	1444.4773420036581	469.87787035155463	1086.242360902763	725	376.0
726	2484	1444.4253521126761	470.8738894907909	1065.1556867345855	726	376.0
727	2485	1444.3391705069125	470.46451612903223	1034.0048802281872	727	376.0
728	2486	1444.485001144951	470.8500114495077	1078.8441838146196	728	376.0
729	2487	1445.140962566845	470.9760427807487	1092.969063623654	729	376.0
730	2488	1445.0456696153055	471.14544332441886	1110.9453311669868	730	376.0
731	2489	1445.1951105574587	472.14979757085024	1385.6963622116384	731	376.0
732	2490	1444.8499828355648	472.0947476828013	1415.0846707469352	732	376.0
733	2491	1445.259201116344	472.33385661957084	1358.2889002737245	733	376.0
734	2492	1445.8742525819894	473.1512955245515	1385.7977562523665	734	376.0
735	2493	1445.1955002184359	474.1266928789864	1194.4249203293566	735	376.0
736	2494	1445.1948537040882	474.230545756381	1179.6473532976386	736	376.0
737	2495	1445.097552742616	474.94059071729964	1350.2024007475304	737	376.0
738	2496	1445.103841826073	474.8736537534159	1416.900944153385	738	376.0
739	2497	1445.2003670847355	475.14729275007653	1407.1946504806908	739	376.0
740	2498	1446.3264017823988	475.42313405124395	1256.5258355214185	740	376.0
741	2499	1445.5636188642925	474.80538979788264	1238.8784607293671	741	376.0
742	2500	1445.4226533822755	477.6392239119035	924.9615447135577	742	376.0
743	2501	1445.5969911100979	477.8493275586961	1054.3592804886232	743	376.0
744	2502	1446.159136748689	478.72045179507865	1193.5811173444486	744	376.0
745	2503	1447.4735798016231	478.5992786293958	1193.996746030081	745	376.0
746	2504	1445.7478555755038	478.950728106922	1147.586838275312	746	376.0
747	2505	1444.8170310701955	479.9587648638282	1211.0133819864036	747	376.0
748	2506	1444.3351831298557	478.35886052534215	1234.8336424406998	748	376.0
749	2507	1444.2440778341793	479.1400169204738	1069.1102707439086	749	376.0
750	2508	1444.2180104292013	480.5956678700361	1424.5033485727465	750	376.0
751	2509	1444.8471877584784	481.38482216708013	1324.8884000180005	751	376.0
752	2510	1443.2328680203045	481.1230964467005	1306.7618507425718	752	376.0
753	2511	1442.3769499417926	481.1431897555297	1200.9472426687155	753	376.0
754	2512	1443.543376068376	482.5258547008547	1302.1320689579495	754	376.0
755	2513	1443.593893480257	482.0560146923783	1205.4655266551556	755	376.0
756	2514	1442.3978912319644	481.4800221975582	1001.618419092704	756	376.0
757	2515	1444.2149532710282	482.4261237205162	1192.2742692069132	757	376.0
758	2516	1443.947162828947	482.1064967105263	1124.2971278764387	758	376.0
759	2517	1443.5683951721055	482.33616450603483	1168.2649618534292	759	376.0
760	2518	1444.0971184631805	483.71483457844187	1306.3452332476782	760	376.0
761	2519	1443.9672418104526	484.50312578144536	1059.1191960848366	761	376.0
762	2520	1444.6322597676874	483.4965681098205	1004.1415670185272	762	376.0
763	2521	1445.228176924877	483.8144161011	1008.146056629536	763	376.0
764	2522	1444.0752489002084	484.98703403565634	976.3729707741513	764	376.0
765	2523	1445.1224889759922	486.6523762861343	1059.9803368765888	765	376.0
766	2524	1445.12	486.72924855491334	1035.4636469178258	766	376.0
767	2525	1446.4085633221564	486.2654114005675	956.6697536726042	767	376.0
768	2526	1446.4641546366531	487.1715194519208	956.2679688610764	768	376.0
769	2527	1446.3739130434783	487.0007672634271	968.638770139552	769	376.0
770	2528	1446.2342212622991	487.9008879289657	1017.6465060810524	770	376.0
771	2529	1448.2868495257626	488.0076903358112	1105.1763895473582	771	376.0
772	2530	1447.9550440955045	488.2495160249516	1175.7113524919243	772	376.0
773	2531	1448.5478395061727	489.6746031746032	1208.9529782986306	773	376.0
774	2532	1449.0949549203913	489.4041818530597	1248.678129472497	774	376.0
775	2533	1449.651939031449	490.4950800694578	1147.7314388516327	775	376.0
776	2534	1449.1847195357834	490.1272727272727	1201.8292682111614	776	376.0
777	2535	1448.5482918599744	490.33171657528464	1168.4817345628105	777	376.0
778	2536	1449.2186292454749	490.047183241814	1166.424707075432	778	376.0
779	2537	1448.5386072951208	490.9706300331597	1119.5292242119203	779	376.0
780	2538	1448.973179453836	491.4353055916775	1452.9268776982606	780	376.0
781	2539	1449.5873838842083	492.75588680060486	1142.23429259157	781	376.0
782	2540	1450.4245213549334	492.7369293078056	1296.3805821303222	782	376.0
783	2541	1449.4999118321286	492.54381943219886	1307.1153529030555	783	376.0
784	2542	1448.6660224197913	492.5715114031697	1307.1105683288256	784	376.0
785	2543	1448.696890145396	492.8909531502424	1214.4238772472854	785	376.0
786	2544	1448.698113207547	493.89599631845374	1176.0586170874299	786	376.0
787	2545	1448.536315323295	493.82019486271037	1227.8514164667383	787	376.0
788	2546	1447.5629430925464	494.814332247557	1349.40561920399	788	376.0
789	2547	1447.5712449504224	494.2675358060962	1036.107272260579	789	376.0
790	2548	1448.5273790536949	495.8273967747652	1136.2046433251635	790	376.0
791	2549	1448.6431623931626	494.37274453941114	1013.2831116669178	791	376.0
792	2550	1449.0404286410132	495.8928397467121	986.2693026044612	792	376.0
793	2551	1447.2841176470588	496.7466666666666	1256.6550603451233	793	376.0
794	2552	1447.2554551465726	496.4970244655058	1028.6333311510448	794	376.0
795	2553	1449.5003055612142	497.14341006314936	1138.440718016945	795	376.0
796	2554	1448.9652928416485	497.5319956616052	1219.1631089317173	796	376.0
797	2555	1449.7759433962265	497.4768439108062	1023.2638063128309	797	376.0
798	2556	1449.4187008688455	498.31795614398015	1066.0900241522822	798	376.0
799	2557	1448.9381505204162	498.3138510808647	1242.6745502519802	799	376.0
800	2558	1449.6336542870242	498.9789087574507	1173.5417336075745	800	376.0
801	2559	1449.7580337257398	499.71524021635383	1455.0823617199633	801	376.0
802	2560	1450.5868333091119	499.85409097514895	1594.3398517341916	802	376.0
803	2561	1450.1249037424918	499.5992607423379	1499.1399283615972	803	376.0
804	2562	1449.4520449308754	499.483870967742	1546.2204137250492	804	376.0
805	2563	1449.5844044558698	499.5916023993145	1357.1645507707258	805	376.0
806	2564	1449.6468864468866	499.67307692307685	1258.3824934449667	806	376.0
807	2565	1448.8982964224872	499.6623509369677	1276.5255004642647	807	376.0
808	2566	1448.4284631419366	500.03429979154816	1346.944664028147	808	376.0
809	2567	1448.0371787862218	500.84946236559136	1448.9413508652624	809	376.0
810	2568	1448.5955673422998	502.8033718507293	1349.4636786456447	810	376.0
811	2569	1448.6870639824594	502.75662746661345	1342.347966554449	811	376.0
812	2570	1448.5487351190475	503.8147321428572	1371.8518044696589	812	376.0
813	2571	1448.1892540620386	504.0692392909897	1386.928305196124	813	376.0
814	2572	1447.7467288044452	504.8080301129234	1348.561718682453	814	376.0
815	2573	1447.8068263045031	505.6304503216583	1350.00008232209	815	376.0
816	2574	1447.381225367252	505.9134718738803	1318.250908004813	816	376.0
817	2575	1448.5078683834051	507.83673104434905	1279.2048632918647	817	376.0
818	2576	1447.2591651542652	507.39564428312167	1315.680759223988	818	376.0
819	2577	1447.7461139896373	508.6682210708117	1353.2235467416108	819	376.0
820	2578	1447.2642611683848	508.0324742268042	1443.7274533982763	820	376.0
821	2579	1447.239263803681	509.5599403084065	1505.4959174762107	821	376.0
822	2580	1448.6600236446545	508.83026515791255	1412.6027044757432	822	376.0
823	2581	1448.6985374771482	509.7297989031079	1375.1460645965008	823	376.0
824	2582	1448.7200553250345	510.8828492392808	1634.7115715905813	824	376.0
825	2583	1448.6327683615818	512.6101694915253	1121.5059261507192	825	376.0
826	2584	1448.8993632551635	513.269607081845	1587.9686775284217	826	376.0
827	2585	1448.2590952230307	513.2263524201202	1583.870653050481	827	376.0
828	2586	1449.4480693459416	513.6739164696611	1625.3142755148099	828	376.0
829	2587	1449.767476085357	513.8126563649743	1565.661132932576	829	376.0
830	2588	1448.6428995840758	514.2364824717766	1560.9914757562037	830	376.0
831	2589	1448.4107883817428	515.5978177347472	1666.0126522544406	831	376.0
832	2590	1448.7330217613553	516.2222871330508	1669.3229616675571	832	376.0
833	2591	1448.665229196614	516.9238140872067	1578.8409548495997	833	376.0
834	2592	1447.7926081101302	517.1098309142601	1522.5904411296826	834	376.0
835	2593	1447.8612811706735	517.3631476780648	1546.0334582495582	835	376.0
836	2594	1448.8345957644146	517.9123512134797	1562.8475288032027	836	376.0
837	2595	1448.8886259662406	517.6324341378767	1613.6600774224719	837	376.0
838	2596	1448.7329415605616	517.5367286973557	1576.5072816392474	838	376.0
839	2597	1448.7431162941364	517.4045999352122	1613.9528618781492	839	376.0
840	2598	1450.1586743195705	518.6574708387336	1366.0980900705788	840	376.0
841	2599	1449.885036794767	518.3968928863451	1551.258117124784	841	376.0
842	2600	1448.823887873248	518.4951249238269	1671.6476096071156	842	376.0
843	2601	1448.2857607811231	519.2219690805533	1648.2970367035691	843	376.0
844	2602	1448.8595337716674	520.0385534967123	1731.9233443054493	844	376.0
845	2603	1449.1488506670953	520.5732197395917	1476.741994080197	845	376.0
846	2604	1448.8347234042553	520.5147234042553	1388.990446685458	846	376.0
847	2605	1449.0885537509664	520.8911446249033	1391.5016619330315	847	376.0
848	2606	1449.5807233407904	521.5341163310962	1373.689624352466	848	376.0
849	2607	1449.7695417789755	520.8628331835879	1618.4208036234427	849	376.0
850	2608	1449.7659399424106	521.9446729740847	1457.9951056627735	850	376.0
851	2609	1449.5355082554208	521.7181221404417	1326.6751655843664	851	376.0
852	2610	1449.7544125063034	521.7130610186585	1319.7124651338938	852	376.0
853	2611	1450.8013166779206	522.7376772451047	1291.20508519949	853	376.0
854	2612	1450.6556345177664	522.6716751269037	1229.0907008490615	854	376.0
855	2613	1450.5245449531164	523.6120610406325	1156.4337316763108	855	376.0
856	2614	1450.2400352345296	523.4018938559789	1135.4781812410652	856	376.0
857	2615	1449.4228773584905	523.5226415094339	1093.7494230767854	857	376.0
858	2616	1450.3003569607342	524.0081591024988	1039.0931679904834	858	376.0
859	2617	1453.7660561660562	524.4564102564102	936.5124805508636	859	376.0
860	2618	1453.5397871262037	525.5638621388748	934.7317085409314	860	376.0
861	2619	1453.6981441048035	525.0218340611353	934.4598592461197	861	376.0
862	2620	1452.5118755118756	527.0832650832651	875.5504354524692	862	376.0
863	2621	1451.3687118348355	527.1651642919453	883.1186562340956	863	376.0
864	2622	1452.8021148036253	528.0130916414904	912.4176005368213	864	376.0
865	2623	1453.2924910071945	528.6241007194244	891.8149134807599	865	376.0
866	2624	1453.3674874238816	529.6915541435002	912.1512459343847	866	376.0
867	2625	1452.5981918633854	529.5253641386238	898.9525233321988	867	376.0
868	2626	1452.1946124244091	528.8878504672897	759.3483789106032	868	376.0
869	2627	1452.2575310100412	530.9081512108683	822.0573591339853	869	376.0
870	2628	1453.5779484862176	532.8610483506552	1017.6923336836572	870	376.0
871	2629	1453.4176514961025	533.7085743022378	1031.6824974060173	871	376.0
872	2630	1453.076582867784	533.6133612662942	1120.1078869831827	872	376.0
873	2631	1456.5083925112976	533.5287282117495	778.3882913843602	873	376.0
874	2632	1454.7660536629487	533.1603858908652	827.048446087455	874	376.0
875	2633	1455.5897505422993	532.3370390455532	902.6460869124744	875	376.0
876	2634	1453.3976261127593	535.2221280203476	1223.422196064057	876	376.0
877	2635	1451.7960829493088	537.0762672811061	1095.0096591539912	877	376.0
878	2636	1452.6284652757931	535.9748499571307	852.1215000332306	878	376.0
879	2637	1451.3761695101816	535.5258668134287	944.0640319588341	879	376.0
880	2638	1451.7534009398962	537.7054167697255	1019.7359680069341	880	376.0
881	2639	1451.6161209068011	537.5168765743073	960.6258700409558	881	376.0
882	2640	1451.6296914095078	538.5476786210731	913.214190198255	882	376.0
883	2641	1451.517659190513	537.8200567156483	976.5436832356128	883	376.0
884	2642	1449.8247714410097	538.6129734436221	1156.545934721424	884	376.0
885	2643	1450.1722456218133	539.9403679893593	1118.392327399287	885	376.0
886	2644	1451.346073517126	540.8036758563073	1184.102693530345	886	376.0
887	2645	1450.3593039351395	541.7399644057741	1278.8388030534454	887	376.0
888	2646	1450.9693504117108	540.7342177493139	1116.1955316110361	888	376.0
889	2647	1451.636186770428	542.0943579766537	1045.4468791935026	889	376.0
890	2648	1451.7033942558746	542.8271540469974	942.5298436010896	890	376.0
891	2649	1451.4164539007093	542.8099290780142	971.2619333679237	891	376.0
892	2650	1451.5798436627585	542.8386376326075	935.394317650927	892	376.0
893	2651	1450.8770053475935	544.0376878023936	1039.9423749990556	893	376.0
894	2652	1450.489897730107	545.6063856323274	1037.3979076896305	894	376.0
895	2653	1450.5924657534247	545.1358447488583	902.275341388631	895	376.0
896	2654	1449.3715584068432	546.0612135792569	949.2676412573593	896	376.0
897	2655	1451.498193859121	547.5192655027092	953.3790446005684	897	376.0
898	2656	1451.6254940711462	546.8593544137021	853.8314992024854	898	376.0
899	2657	1451.6021180030255	547.2317196167423	937.6062829118088	899	376.0
900	2658	1451.6510199605175	546.7598157490678	1185.9094532183653	900	376.0
901	2659	1451.5713623725671	547.5912882298426	1175.171271837536	901	376.0
902	2660	1451.8015122873346	547.9184782608696	1096.3139813176556	902	376.0
903	2661	1451.6969696969695	547.7046657046657	1072.5411448194486	903	376.0
904	2662	1452.5561042524005	547.9860082304526	1006.128155804658	904	376.0
905	2663	1451.513741025006	549.0569447883139	1040.818295923016	905	376.0
906	2664	1452.532444668008	549.440643863179	1012.7203538373253	906	376.0
907	2665	1452.1653171390014	551.4723346828611	1109.116090151619	907	376.0
908	2666	1452.2593908629444	550.7814720812182	1023.3483316978909	908	376.0
909	2667	1451.5625976344566	551.9725507699176	1062.4300133413917	909	376.0
910	2668	1452.7432232626911	551.4763430261212	1002.4673860192304	910	376.0
911	2669	1452.8551836355184	552.6736401673639	1039.6670757747802	911	376.0
912	2670	1454.7719793135873	553.4962388340384	1127.8595748273876	912	376.0
913	2671	1454.5817719176498	553.8195697432338	1052.3837670609985	913	376.0
914	2672	1453.9928383862498	553.8083074719503	942.2242033541561	914	376.0
915	2673	1457.0305073859988	555.6056518946692	706.5822572798606	915	376.0
916	2674	1454.000972762646	555.1232166018158	828.5125718777845	916	376.0
917	2675	1459.4754038179146	555.4845814977973	714.0973906413859	917	376.0
918	2676	1457.7411873840445	554.4981447124303	882.1977741869473	918	376.0
919	2677	1454.4903369672945	554.9120416253717	880.7349954307665	919	376.0
920	2678	1455.5132504056244	554.8812871822606	877.4368535548019	920	376.0
921	2679	1456.1915151515152	554.9384242424243	969.9173099209876	921	376.0
922	2680	1456.57091512303	554.4420790710534	954.0519059378116	922	376.0
923	2681	1458.1202948144248	555.0229007633587	983.0538997843968	923	376.0
924	2682	1458.628914252268	555.5677494878548	939.4906852311823	924	376.0
925	2683	1457.4174311926606	555.7244839449543	891.0566184767156	925	376.0
926	2684	1457.026423403586	555.620320855615	887.7065379896616	926	376.0
927	2685	1457.0542999706486	555.9586146169651	847.3962298669702	927	376.0
